{
  "manifest": "/inspire/hdd/project/chemicalreaction/libowen-253207030265/coding_with_ai/molecule3d-benchmark/data/processed/work/train_chon20_manifest.json",
  "train_samples": 5000,
  "atom_count": 20,
  "elements": [
    6,
    1,
    8,
    7
  ],
  "max_degree": 6,
  "epochs": 100,
  "hidden_dim": 128,
  "num_layers": 4,
  "num_heads": 4,
  "dropout": 0.0,
  "rbf_bins": 16,
  "rbf_cutoff": 5.0,
  "lr": 0.0001,
  "batch_size": 32,
  "param_count": 1268756,
  "loss_history": [
    1.170949187040329,
    1.0733827390024437,
    1.0009093351350167,
    0.9509806001691148,
    0.9214749273515307,
    0.9173615312199108,
    0.8981882930194959,
    0.8908113757312298,
    0.8889335836341604,
    0.8775025051427073,
    0.8747159672805108,
    0.8710699707140215,
    0.8669718527278862,
    0.8623945107557811,
    0.8586161110003013,
    0.8547338475306984,
    0.8491087370854337,
    0.8435286418881267,
    0.8381166154804174,
    0.8338592496626311,
    0.8293194258559495,
    0.8244997866783058,
    0.819859788161749,
    0.814999426853424,
    0.8085262763338164,
    0.8043484732081182,
    0.8007420650994871,
    0.7965109401663766,
    0.7953651789769995,
    0.7964755555211567,
    0.7845332345162053,
    0.7781023336339044,
    0.7717338820483536,
    0.7702258736005985,
    0.7716392326314468,
    0.7629369752753526,
    0.7525932817181572,
    0.7488316208339296,
    0.7469235167365987,
    0.7483964359657373,
    0.7397058423633687,
    0.7285403682235628,
    0.7209891191702802,
    0.7195570872955024,
    0.7137138237141538,
    0.7075588977451902,
    0.7051608330963645,
    0.7090065821448807,
    0.702766505381791,
    0.6895257127434946,
    0.6781414316951297,
    0.6694114467834122,
    0.6682437122423202,
    0.6669334575949237,
    0.6625160675849766,
    0.6593056221484207,
    0.6473948130761739,
    0.6366294271742925,
    0.6326208213998005,
    0.6355616281131282,
    0.6338239770424087,
    0.6529856020905077,
    0.6391492036305834,
    0.6248761728506069,
    0.6158418953037821,
    0.6117260734283831,
    0.6099528137835674,
    0.6136939139208291,
    0.6109876856605988,
    0.599366432583984,
    0.5943156243335689,
    0.5903742995783686,
    0.5857867804376641,
    0.5938804906114005,
    0.5897148596919142,
    0.5878430537509732,
    0.5917557234681909,
    0.583084353012545,
    0.5789057333162986,
    0.5704525277236476,
    0.5633880062381736,
    0.5582611009670422,
    0.556537780163344,
    0.5697813281184994,
    0.5677241308212513,
    0.5618887367676944,
    0.5567256686186418,
    0.54739710912304,
    0.5491454248328228,
    0.5432883897668682,
    0.5401952406431548,
    0.5426416985748336,
    0.5393053941640071,
    0.5373578054938931,
    0.5431781903180759,
    0.5400216909569688,
    0.5431974964926951,
    0.5316608740692492,
    0.5258924153861124,
    0.5180073203082662
  ],
  "device": "cuda",
  "seed": 0,
  "train_elapsed_sec": 4327.786,
  "checkpoint": "/inspire/hdd/project/chemicalreaction/libowen-253207030265/coding_with_ai/molecule3d-benchmark/work/compare_egnn_transformer/egnntr_hd128_l4_h4_lr1e_4_ep100_n5000/egnntr_hd128_l4_h4_lr1e_4_ep100_n5000.pt"
}
