{
  "manifest": "/inspire/hdd/project/chemicalreaction/libowen-253207030265/coding_with_ai/molecule3d-benchmark/data/processed/work/train_chon20_manifest.json",
  "train_samples": 6151,
  "atom_count": 20,
  "elements": [
    6,
    1,
    8,
    7
  ],
  "max_degree": 6,
  "epochs": 100,
  "hidden_dim": 128,
  "num_layers": 4,
  "num_heads": 4,
  "dropout": 0.0,
  "rbf_bins": 16,
  "rbf_cutoff": 5.0,
  "lr": 0.0001,
  "batch_size": 32,
  "param_count": 1268756,
  "loss_history": [
    1.1670377126423552,
    1.0640608451502234,
    0.9942014452094677,
    0.9546436365380995,
    0.9330637575283288,
    0.9229140355632677,
    0.918845369727727,
    0.9189897768279388,
    0.9198274842857932,
    0.8989025372590529,
    0.8984954552435386,
    0.8964509489269114,
    0.8909719704310881,
    0.8864637997464042,
    0.883177463632173,
    0.8814336847023876,
    0.8767881364230181,
    0.8724884372787092,
    0.8716810907924936,
    0.8720238407122323,
    0.8675377369453908,
    0.8579334148375093,
    0.8516378164347554,
    0.8459804570234233,
    0.840371532089508,
    0.8352816587945313,
    0.8295387730413178,
    0.8236320853729053,
    0.8144100790811117,
    0.8069332145992,
    0.806000996413976,
    0.7975586429401085,
    0.7938395176435483,
    0.7862836093022324,
    0.7758775789906829,
    0.7658484756394371,
    0.7595812278287796,
    0.7535249754737132,
    0.7453564417395477,
    0.7323248529697113,
    0.725180119865675,
    0.7278808948007862,
    0.717871199259854,
    0.7137726307990067,
    0.7054335970700774,
    0.6927834374558838,
    0.6955346405936744,
    0.6833401814907416,
    0.6759735264787303,
    0.6659669979604553,
    0.6614003839124977,
    0.6540714885249779,
    0.6551130323491497,
    0.6445242831001773,
    0.6440886597260473,
    0.6429150928612214,
    0.6450825130269321,
    0.632458012003533,
    0.6336958230610089,
    0.6295236600428933,
    0.620088938447047,
    0.6199923973548359,
    0.6096045855266804,
    0.602292664299852,
    0.6037261454539757,
    0.5935357768361345,
    0.589896749444954,
    0.588744401866013,
    0.5816152139522627,
    0.5821491873330948,
    0.5807915926942203,
    0.5824661712355471,
    0.6057165344775761,
    0.5761258376233207,
    0.5679052314262314,
    0.5708192299766308,
    0.5665904697611591,
    0.5629649466032755,
    0.5536637967215072,
    0.5502378288555407,
    0.5509216466447059,
    0.5464298034697687,
    0.5473014158194854,
    0.5451719495923586,
    0.5421847592184716,
    0.5388521876090858,
    0.5407263566534507,
    0.5379347396038321,
    0.5326109811824842,
    0.5264274976612572,
    0.5209646808836561,
    0.5132004470039638,
    0.5087476116348841,
    0.5076149814154113,
    0.5121667181467433,
    0.5115461303504861,
    0.5075196384697491,
    0.503496719101206,
    0.5058582458471211,
    0.5034464755065411
  ],
  "device": "cuda",
  "seed": 0,
  "train_elapsed_sec": 5301.715,
  "checkpoint": "/inspire/hdd/project/chemicalreaction/libowen-253207030265/coding_with_ai/molecule3d-benchmark/work/compare_egnn_transformer/egnntr_hd128_l4_h4_lr1e_4_ep100_n6151/egnntr_hd128_l4_h4_lr1e_4_ep100_n6151.pt"
}
