{
  "manifest": "/inspire/hdd/project/chemicalreaction/libowen-253207030265/coding_with_ai/molecule3d-benchmark/data/processed/work/train_chon20_manifest.json",
  "train_samples": 2000,
  "atom_count": 20,
  "elements": [
    6,
    1,
    8,
    7
  ],
  "max_degree": 6,
  "epochs": 100,
  "hidden_dim": 128,
  "num_layers": 5,
  "lr": 0.0001,
  "batch_size": 32,
  "param_count": 580613,
  "loss_history": [
    1.0931729180042167,
    1.0244472417291255,
    0.976308138887398,
    0.9548765618093312,
    0.9440421480936929,
    0.929831114590168,
    0.9224685141667723,
    0.9157896099733189,
    1035699821190596.5,
    1.0846968241129071,
    1.0732671161768959,
    1.0628035858031362,
    1.0553119261832908,
    1.0496990750972182,
    1.0453966946769506,
    1.0420564962765202,
    1.039442852933891,
    1.0373860629843548,
    1.0357590127065779,
    1.0344640941722318,
    1.0334252644507214,
    1.0325828873245047,
    1.0318900878336281,
    1.0313101924667134,
    1.0308146021347493,
    1.0303812326714397,
    1.0299931380152703,
    1.0296374876834453,
    1.0293046915773303,
    1.0289876088928431,
    1.028681014571339,
    1.0283811693731695,
    1.0280853734146804,
    1.027791750356555,
    1.0274989666566252,
    1.0272061453256756,
    1.02691266701743,
    1.0266181757580488,
    1.0263223891593516,
    1.026025158997625,
    1.025726383695379,
    1.0254260375220328,
    1.0251240944061428,
    1.0248205934409051,
    1.0245155135653914,
    1.0242089190166443,
    1.0239008134827017,
    1.023591257693246,
    1.0232802852652967,
    1.0229679383970798,
    1.0226542550623416,
    1.0223392831608653,
    1.0220230457317083,
    1.0217056136187166,
    1.0213869969248772,
    1.0210672361645847,
    1.0207462577447295,
    1.0204239816796035,
    1.0201007400602102,
    1.0197764418460429,
    1.0194510906469076,
    1.0191247310433538,
    1.0187973499391227,
    1.0184689446818083,
    1.0181395252905785,
    1.0178090730067342,
    1.0174775694105773,
    1.0171449995990842,
    1.0168113268353045,
    1.016476483328268,
    1.0161404296308756,
    1.0158031201865525,
    1.0154636271279305,
    1.0151231827549636,
    1.0147812788318842,
    1.0144378751702607,
    1.014092942306772,
    1.0137464389707893,
    1.0133980834875256,
    1.0130476528201253,
    1.0126954076867551,
    1.0123411740865558,
    1.011984822448343,
    1.0116262443102897,
    1.0112652631346137,
    1.010901690447703,
    1.0105353197325022,
    1.0101659767404199,
    1.0097934213299304,
    1.0094174051992595,
    1.0090377652253955,
    1.0086543039791287,
    1.008266788557172,
    1.007874989759177,
    1.0074786313399673,
    1.0070774963628502,
    1.0066713166311383,
    1.0062597741894423,
    1.0058425689339638,
    1.0054194122999907
  ],
  "device": "cuda",
  "seed": 0,
  "train_elapsed_sec": 1095.76,
  "checkpoint": "/inspire/hdd/project/chemicalreaction/libowen-253207030265/coding_with_ai/molecule3d-benchmark/work/compare_egnn/egnn_hd128_l5_lr1e_4_ep100_n2000/egnn_hd128_l5_lr1e_4_ep100_n2000.pt"
}
