{
  "manifest": "/inspire/hdd/project/chemicalreaction/libowen-253207030265/coding_with_ai/molecule3d-benchmark/data/processed/work/train_chon20_manifest.json",
  "train_samples": 6151,
  "atom_count": 20,
  "elements": [
    6,
    1,
    8,
    7
  ],
  "max_degree": 6,
  "epochs": 100,
  "hidden_dim": 128,
  "num_layers": 5,
  "num_heads": 4,
  "dropout": 0.0,
  "rbf_bins": 16,
  "rbf_cutoff": 5.0,
  "lr": 0.0001,
  "batch_size": 32,
  "param_count": 1585433,
  "loss_history": [
    1.1679621597182976,
    1.0607298996377936,
    1.0027028810996892,
    4711936969.960393,
    1.0697980513222367,
    1.0592683373393688,
    1.049276566557608,
    1.039724599052214,
    1.0313072699346066,
    1.0246707800488997,
    1.019537095614583,
    1.015318860686889,
    1.0117261196065581,
    1.008654748416657,
    1.005972402402109,
    1.0035774837796283,
    1.0014137297723678,
    0.9994497779584782,
    0.9976593690340358,
    0.9960236326533798,
    0.9945307411280706,
    0.9931550205368297,
    0.9918837898642968,
    0.990699107749162,
    0.9895921129381448,
    0.9885420231530153,
    0.9875408049361392,
    0.9865807407488524,
    0.985657062428973,
    0.9847612134472428,
    0.9838897655860354,
    0.9830394387510145,
    0.982205306630796,
    0.9813861205900299,
    0.9805802702052067,
    0.9797887573582823,
    0.9790023295875773,
    0.9782238415703741,
    0.9774526379028327,
    0.9766866967037054,
    0.9759244575451983,
    0.9751650326946756,
    0.9744074296068755,
    0.9736495871783342,
    0.9728894693199488,
    0.9721211693906004,
    0.971347444092619,
    0.9705627437685048,
    0.9697630568538446,
    0.9689478390177715,
    0.9681153492930894,
    0.9672636053801386,
    0.9663904664880221,
    0.9654939795810644,
    0.964572759685392,
    0.9636249710595103,
    0.9626460225833724,
    0.9616338717963936,
    0.9605856064827866,
    0.9594965871996418,
    0.9583667684776441,
    0.957191043149712,
    0.9559661340501557,
    0.9546919686552013,
    0.9533696132341112,
    0.9520069356925072,
    0.9506074979128669,
    0.9491865531435572,
    0.9477601967817237,
    0.946344604202728,
    0.9449699937787323,
    0.9436427683558438,
    0.9423711298931002,
    0.9411549985857259,
    0.9399820468458147,
    0.9388573441769212,
    0.9377758173225682,
    0.9367404462697102,
    0.9357589722245809,
    0.9348418800121073,
    0.9340117805040259,
    0.9332412792469805,
    0.9325460286491065,
    0.931921971198447,
    0.93135953268257,
    0.9308465001989569,
    0.9303741097883894,
    0.9299324627881203,
    0.9295152756581581,
    0.9291179982074413,
    0.9287312689771471,
    0.9283536281458636,
    0.9279816179403648,
    0.9276114693745775,
    0.9272456895905998,
    0.9268797628921893,
    0.9265136356145135,
    0.9261471076790952,
    0.9257805141499361,
    0.9254139674143992
  ],
  "device": "cuda",
  "seed": 0,
  "train_elapsed_sec": 6336.883,
  "checkpoint": "/inspire/hdd/project/chemicalreaction/libowen-253207030265/coding_with_ai/molecule3d-benchmark/work/compare_egnn_transformer/egnntr_hd128_l5_h4_lr1e_4_ep100_n6151/egnntr_hd128_l5_h4_lr1e_4_ep100_n6151.pt"
}
