{
  "manifest": "/inspire/hdd/project/chemicalreaction/libowen-253207030265/coding_with_ai/molecule3d-benchmark/data/processed/work/train_chon20_manifest.json",
  "train_samples": 5000,
  "atom_count": 20,
  "elements": [
    6,
    1,
    8,
    7
  ],
  "max_degree": 6,
  "epochs": 100,
  "hidden_dim": 128,
  "num_layers": 5,
  "lr": 0.0001,
  "batch_size": 32,
  "param_count": 580613,
  "loss_history": [
    1.164218657962233,
    1.0723705681733786,
    1.0534036724891513,
    1.0394568183425814,
    1.0270064651157707,
    1.0134303463693708,
    1.0031823122125119,
    0.9965624239228665,
    0.9905438926000149,
    17.24384778121598,
    1297.3474547881574,
    584406.3570315319,
    7.618011255715042,
    6.924004031526297,
    6.787488510362804,
    6.645311442575604,
    6.451548040766269,
    6.226191470459104,
    5.979003054334968,
    5.722186906458438,
    5.45488651239425,
    5.183066758180409,
    4.9074568597517905,
    4.627319087229669,
    4.346527855804562,
    4.06878800155595,
    3.795771772775054,
    3.5270357551954685,
    3.2605252899974584,
    3.0040614964559675,
    2.7604910507544873,
    2.532099993406981,
    2.3209721865206956,
    2.1279570418432354,
    1.9510279152587056,
    1.7921380545169114,
    1.6519572963684797,
    1.53141537858136,
    1.4289712903786451,
    1.3456050759740175,
    1.2811207207418978,
    1.2325728995177896,
    1.1966008928891272,
    1.1704651294108481,
    1.1521458455558866,
    1.13949628893435,
    1.1306659195285291,
    1.1242920594442636,
    1.1194642255909741,
    1.1155865337051452,
    1.112278615220636,
    1.1093547681439668,
    1.1067030902653932,
    1.1042330229364337,
    1.1018768798645586,
    1.0995909462086857,
    1.0973357236266137,
    1.0950966023940594,
    1.0927909010533243,
    1.090178654456511,
    1.0875545677661895,
    1.0851640707362442,
    1.0829400392398238,
    1.080776442301646,
    1.078639161901176,
    1.0765695379827172,
    1.0745990366939455,
    1.0727096216317267,
    1.070882161339745,
    1.0691944674521685,
    1.0677342027224601,
    1.0668240509111435,
    1.067845539052412,
    1.0678910239376127,
    1.0719159991629421,
    1.0714910393942148,
    1.0701275345742702,
    1.0652023034553975,
    1.0619824582718314,
    1.0590673515625297,
    1.0572202318500727,
    1.05562115399912,
    1.0544654499717057,
    1.0534183864336462,
    1.0528209857076407,
    1.052843831001222,
    1.0554897414322943,
    1.0631291785698385,
    1.0729821486573667,
    1.0672531362902373,
    1.0527516850553453,
    1.0468135905757547,
    1.0440575480710714,
    1.0426667671121657,
    1.0414371626220644,
    1.0401891789644957,
    1.0388399771146477,
    1.037368782308325,
    1.0357701369885355,
    1.0340586169730872
  ],
  "device": "cuda",
  "seed": 0,
  "train_elapsed_sec": 2580.609,
  "checkpoint": "/inspire/hdd/project/chemicalreaction/libowen-253207030265/coding_with_ai/molecule3d-benchmark/work/compare_egnn/egnn_hd128_l5_lr1e_4_ep100_n5000/egnn_hd128_l5_lr1e_4_ep100_n5000.pt"
}
