{
  "manifest": "/inspire/hdd/project/chemicalreaction/libowen-253207030265/coding_with_ai/molecule3d-benchmark/data/processed/work/train_chon20_manifest.json",
  "train_samples": 500,
  "atom_count": 20,
  "elements": [
    6,
    1,
    8,
    7
  ],
  "max_degree": 6,
  "epochs": 100,
  "hidden_dim": 128,
  "num_layers": 4,
  "lr": 0.0001,
  "batch_size": 32,
  "param_count": 464900,
  "loss_history": [
    1.543213583735749,
    1.4931275519132614,
    1.4762178737223148,
    1.4558095903992654,
    1.4285006371885538,
    1.4016405499726534,
    1.3743562273457646,
    1.355487646944821,
    1.340765339821577,
    1.3325528436042369,
    1.3212571022845805,
    1.318616528555751,
    1.3129993943870069,
    1.3487477519307285,
    1.3514047100320459,
    1.340451360590756,
    1.3276311174854636,
    1.3115487835481763,
    1.2929382839500905,
    1.2787972072660923,
    1.2621309232972562,
    1.2487696101926267,
    1.2443452386520804,
    1.2438419306091963,
    1.2413636625967919,
    1.237548986248672,
    1.23462249436602,
    1.2329631137140096,
    1.2309188920035958,
    1.2281200269944965,
    1.225560888748616,
    1.2239643806628884,
    1.222251955218613,
    1.2199015450142323,
    1.2183194197081029,
    1.2177744756601752,
    1.2151655775681138,
    1.213401058897376,
    1.212724578950554,
    1.2106946769841016,
    1.2080695232842118,
    1.2071884774845094,
    1.2056600420214236,
    1.2036312670949847,
    1.2020357658620924,
    1.2007631824053824,
    1.199180919356644,
    1.1976853215750307,
    1.1962578321136534,
    1.1946516899242998,
    1.193108786664903,
    1.191873872797936,
    1.189845345724374,
    1.188488404892385,
    1.1867771927621216,
    1.1849058393444867,
    1.183222851762548,
    1.1817297974191605,
    1.1801575406379998,
    1.178467850619927,
    1.1767979341503232,
    1.1751693266164511,
    1.1735562976785003,
    1.171977579627186,
    1.1703805978763848,
    1.1687888086847962,
    1.1672703079562634,
    1.1657628878615796,
    1.164313006274402,
    1.1630195383969695,
    1.1613790252134204,
    1.1606212386153638,
    1.1582356213647873,
    1.1580031472519041,
    1.155916259927675,
    1.1555254905372858,
    1.1530115694422274,
    1.1528576696608215,
    1.1512299521062523,
    1.1493671613987535,
    1.1485565900430084,
    1.147421496089548,
    1.1460269696563483,
    1.1447057389505209,
    1.1434617473594844,
    1.1422494428474457,
    1.141009934581816,
    1.139689652690664,
    1.1383228330332786,
    1.1369842409174888,
    1.1356781492177397,
    1.1343828551247717,
    1.1330852206125857,
    1.1317740865088999,
    1.1304509478993714,
    1.1291264596637338,
    1.1277878965269774,
    1.1264593315273523,
    1.1251250373534858,
    1.123783440754749
  ],
  "device": "cuda",
  "seed": 0,
  "train_elapsed_sec": 245.252,
  "checkpoint": "/inspire/hdd/project/chemicalreaction/libowen-253207030265/coding_with_ai/molecule3d-benchmark/work/compare_egnn/egnn_hd128_l4_lr1e_4_ep100_n500/egnn_hd128_l4_lr1e_4_ep100_n500.pt"
}
