{
  "predictions": "/inspire/hdd/project/chemicalreaction/libowen-253207030265/coding_with_ai/molecule3d-benchmark/work/compare_egnn/egnn_hd128_l4_lr1e_4_ep100_n500/egnn_hd128_l4_lr1e_4_ep100_n500.npz",
  "manifest": "/inspire/hdd/project/chemicalreaction/libowen-253207030265/coding_with_ai/molecule3d-benchmark/data/processed/work/test_chon20_manifest.json",
  "pred_count": 1000,
  "evaluated": 1000,
  "skipped": 0,
  "mismatched": 0,
  "elapsed_sec": 0.427,
  "plot": null,
  "per_sample_output": "/inspire/hdd/project/chemicalreaction/libowen-253207030265/coding_with_ai/molecule3d-benchmark/work/compare_egnn/egnn_hd128_l4_lr1e_4_ep100_n500/egnn_hd128_l4_lr1e_4_ep100_n500_per_sample.jsonl",
  "metrics": {
    "count": 1000.0,
    "mean": 1.213381928500351,
    "median": 1.1633603765239173,
    "p90": 1.9521368689690721,
    "p95": 2.148707599534032,
    "min": 0.09269396226204077,
    "max": 4.541146624758428,
    "rmsd_lt_1": 0.379,
    "rmsd_lt_2": 0.908
  }
}