{
  "manifest": "/inspire/hdd/project/chemicalreaction/libowen-253207030265/coding_with_ai/molecule3d-benchmark/data/processed/work/train_chon20_manifest.json",
  "train_samples": 5000,
  "atom_count": 20,
  "elements": [
    6,
    1,
    8,
    7
  ],
  "max_degree": 6,
  "epochs": 100,
  "hidden_dim": 128,
  "num_layers": 4,
  "lr": 0.0001,
  "batch_size": 32,
  "param_count": 430849,
  "loss_history": [
    12.453121510744095,
    5.9390350447416305,
    5.340121244931221,
    5.229596702384948,
    5.174127896785736,
    5.1223330551624295,
    5.0724143998861315,
    5.017632133698464,
    4.945574907374382,
    4.867395959615707,
    4.79534723329544,
    4.739153081274033,
    4.685414617419243,
    4.63487986395359,
    4.560319480037689,
    4.45962371995449,
    3.94928286100626,
    3.636322711443901,
    3.555012209236622,
    3.487471552109718,
    3.4452939975857735,
    3.3898366706728935,
    3.325584009552002,
    3.2688071877360345,
    3.2243296320319175,
    3.179896522665024,
    3.139560477352142,
    3.107825465416908,
    3.0762083106517792,
    3.0480340104222297,
    3.0180537321150305,
    2.9974213519752024,
    2.97441097715497,
    2.9454156068205832,
    2.9165764752626417,
    2.8856610771000386,
    2.8656131630837915,
    2.8399995374679565,
    2.8200696895837782,
    2.800700421333313,
    2.7759838633596896,
    2.760549699360132,
    2.740943079352379,
    2.722999892371893,
    2.708998678165674,
    2.6932710889220237,
    2.6794982935011387,
    2.6615998038589956,
    2.648180181056261,
    2.6368618443608285,
    2.6269499639749525,
    2.616983631873131,
    2.6060901101529597,
    2.5962431027293205,
    2.583926246982813,
    2.574382531195879,
    2.562915489268303,
    2.555859117567539,
    2.5461977640748024,
    2.5359190598011017,
    2.5251156164944173,
    2.514668433856964,
    2.5093661038219928,
    2.4933759925842285,
    2.485738301348686,
    2.4757687768936156,
    2.4679738907694815,
    2.4604485979020594,
    2.453904881721735,
    2.442502995800972,
    2.4304090565741063,
    2.422153321748972,
    2.414191543543339,
    2.404761450332403,
    2.3977891246140004,
    2.389701955032349,
    2.3777823895037176,
    2.372229910069704,
    2.3607392024159433,
    2.352433145171404,
    2.3408287762761115,
    2.3345713312089442,
    2.3247809272527693,
    2.3174895839869976,
    2.3109784184992312,
    2.304268554913998,
    2.296122427403927,
    2.290755337780714,
    2.282008054971695,
    2.276002583158016,
    2.2672952107846736,
    2.2582985423386095,
    2.255230607175827,
    2.2486501886844636,
    2.2428296157360075,
    2.2369154221594334,
    2.2307993805766104,
    2.2277509664416315,
    2.224581147348881,
    2.217435639333725
  ],
  "device": "cuda",
  "seed": 0,
  "train_elapsed_sec": 1689.886,
  "checkpoint": "/inspire/hdd/project/chemicalreaction/libowen-253207030265/coding_with_ai/molecule3d-benchmark/work/compare_mpnn/mpnn_hd128_l4_lr1e_4_ep100_n5000/mpnn_hd128_l4_lr1e_4_ep100_n5000.pt"
}
