{
  "manifest": "/inspire/hdd/project/chemicalreaction/libowen-253207030265/coding_with_ai/molecule3d-benchmark/data/processed/work/train_chon20_manifest.json",
  "train_samples": 2000,
  "atom_count": 20,
  "elements": [
    6,
    1,
    8,
    7
  ],
  "max_degree": 6,
  "epochs": 100,
  "hidden_dim": 128,
  "num_layers": 4,
  "num_heads": 4,
  "dropout": 0.0,
  "rbf_bins": 16,
  "rbf_cutoff": 5.0,
  "lr": 0.0001,
  "batch_size": 32,
  "param_count": 1268756,
  "loss_history": [
    1.0923448563874698,
    1.0089149652011693,
    0.9574301350214519,
    0.9598823346379213,
    0.9206550265729893,
    0.9318630506999325,
    0.9078318001923616,
    0.8964992416026071,
    0.8491485566312913,
    0.8000606376106152,
    0.7822489655256504,
    0.7542488456040155,
    0.7400645101162372,
    0.7329320803300361,
    0.7291426607504254,
    0.7172956643936341,
    0.7090173295449349,
    0.7085791897376766,
    0.6985547360252822,
    0.6978032698204625,
    0.683924808743759,
    0.6773291628599982,
    0.6750801181622664,
    0.6695551231975551,
    0.669558017908188,
    0.6689670798351872,
    0.6775020711461548,
    0.6695698222224601,
    0.7055111234579236,
    0.6917456464528805,
    0.66788970848592,
    0.6604578902179492,
    0.6564569286165352,
    0.6501588102114619,
    0.6485130909654545,
    0.6464378876851115,
    0.6462904710458824,
    0.643167366620386,
    0.6495608991628397,
    0.6509159200218273,
    0.6485293773974409,
    0.6445598983109813,
    0.6427471174486563,
    0.6438646325950976,
    0.6406904819885967,
    0.6410687223047135,
    0.6348693490979495,
    0.6294509380758972,
    0.6282138483333983,
    0.6400853316261491,
    0.6302447705128871,
    0.6355167237418936,
    0.6273543449876307,
    0.6228591749835759,
    0.6146113092007581,
    0.6129509743750677,
    0.623419931983226,
    0.616462258691754,
    0.6121033086251119,
    0.6142247736856807,
    0.6057374159987085,
    0.6035292621634435,
    0.596489132329356,
    0.6016906976033933,
    0.6050195228229277,
    0.6073338417959748,
    0.5925680951700779,
    0.5961634116260102,
    0.5875640430093044,
    0.5808010842580116,
    0.582705641058099,
    0.5980298741463339,
    0.5920930516744265,
    0.5814828811053885,
    0.5729190330213169,
    0.581496983742807,
    0.5824377922774292,
    0.5926406865481986,
    0.594464531630394,
    0.5744931283057667,
    0.5632059941794724,
    0.58237920317112,
    0.5667677447997267,
    0.5594127991441638,
    0.5580394259440363,
    0.5550007767769275,
    0.5524987786767306,
    0.5566527917818166,
    0.5490683558556484,
    0.565947282065521,
    0.5607793366806582,
    0.5542997293048538,
    0.5453736745823408,
    0.5446903526174137,
    0.5402314431908307,
    0.5430861631487496,
    0.5349246201874921,
    0.5331478014030144,
    0.5401629410921014,
    0.5437841923520901
  ],
  "device": "cuda",
  "seed": 0,
  "train_elapsed_sec": 1785.58,
  "checkpoint": "/inspire/hdd/project/chemicalreaction/libowen-253207030265/coding_with_ai/molecule3d-benchmark/work/compare_egnn_transformer/egnntr_hd128_l4_h4_lr1e_4_ep100_n2000/egnntr_hd128_l4_h4_lr1e_4_ep100_n2000.pt"
}
