{
  "manifest": "/inspire/hdd/project/chemicalreaction/libowen-253207030265/coding_with_ai/molecule3d-benchmark/data/processed/work/train_chon20_manifest.json",
  "train_samples": 2000,
  "atom_count": 20,
  "elements": [
    6,
    1,
    8,
    7
  ],
  "max_degree": 6,
  "epochs": 100,
  "hidden_dim": 128,
  "num_layers": 5,
  "lr": 0.0001,
  "batch_size": 32,
  "param_count": 529793,
  "loss_history": [
    17.778049092411994,
    8.882301025152206,
    6.389441808700561,
    5.2140356092453,
    4.976200501441956,
    4.944847326040268,
    4.9150150344967845,
    4.8627795115113255,
    4.844567242383957,
    4.8181372444033626,
    4.804972560465336,
    4.784782548904419,
    4.771082300782203,
    4.756976465880871,
    4.743857761442661,
    4.731309886276722,
    4.7183394686579705,
    4.7045600653290744,
    4.692726473748684,
    4.678713893771172,
    4.665131606817246,
    4.6508131857514385,
    4.635840003609657,
    4.615800089359284,
    4.598134977281093,
    4.574247501075268,
    4.544141669988632,
    4.498784556388855,
    4.4313826714754105,
    4.368204974532127,
    4.31078095471859,
    4.263824737489223,
    4.212229190319777,
    4.167882172107697,
    4.120803692728281,
    4.053441586613655,
    3.9473228047788145,
    3.8522492857277393,
    3.796589560687542,
    3.749455162256956,
    3.7135563938915728,
    3.682095523506403,
    3.6538059991300105,
    3.630035258471966,
    3.6098046234250067,
    3.5876417486667633,
    3.568427306354046,
    3.5499348002076148,
    3.5328503213226794,
    3.5185582308769225,
    3.50164391040802,
    3.488358451485634,
    3.4745937779545786,
    3.46054568952322,
    3.444684721559286,
    3.4310359649956226,
    3.4180861629247667,
    3.4090781343877317,
    3.394997217267752,
    3.3835596673488615,
    3.3739927343428135,
    3.3647594457566736,
    3.3528688988387585,
    3.3441905091702937,
    3.331312304735184,
    3.3263160121440887,
    3.3186811285316944,
    3.3094437211751937,
    3.2989047710597514,
    3.2893155932426454,
    3.280631638675928,
    3.2760011802315714,
    3.271968094885349,
    3.2758167706131935,
    3.273651662617922,
    3.2539115463197232,
    3.2398059124052523,
    3.2286333812475205,
    3.216980877697468,
    3.206843470454216,
    3.194574264764786,
    3.1876394388973712,
    3.177089389652014,
    3.165085156351328,
    3.1503712952136995,
    3.1437231748402117,
    3.1304950929880144,
    3.120825349599123,
    3.109121795132756,
    3.103849376887083,
    3.0884033022969963,
    3.0766679737716913,
    3.072313512995839,
    3.055270549491048,
    3.049778456494212,
    3.037008536309004,
    3.02459975156188,
    3.0143317252993582,
    2.996282452121377,
    2.985406054779887
  ],
  "device": "cuda",
  "seed": 0,
  "train_elapsed_sec": 799.17,
  "checkpoint": "/inspire/hdd/project/chemicalreaction/libowen-253207030265/coding_with_ai/molecule3d-benchmark/work/compare_mpnn/mpnn_hd128_l5_lr1e_4_ep100_n2000/mpnn_hd128_l5_lr1e_4_ep100_n2000.pt"
}
