{
  "predictions": "/inspire/hdd/project/chemicalreaction/libowen-253207030265/coding_with_ai/molecule3d-benchmark/work/compare_knn/knn_k1_r2_b2048_chir0_n2000/knn_k1_r2_b2048_chir0_n2000.npz",
  "manifest": "/inspire/hdd/project/chemicalreaction/libowen-253207030265/coding_with_ai/molecule3d-benchmark/data/processed/work/test_chon20_manifest.json",
  "pred_count": 1000,
  "evaluated": 19,
  "skipped": 981,
  "mismatched": 0,
  "elapsed_sec": 0.241,
  "plot": null,
  "per_sample_output": "/inspire/hdd/project/chemicalreaction/libowen-253207030265/coding_with_ai/molecule3d-benchmark/work/compare_knn/knn_k1_r2_b2048_chir0_n2000/knn_k1_r2_b2048_chir0_n2000_per_sample.jsonl",
  "metrics": {
    "count": 19.0,
    "mean": 1.1471828766981729,
    "median": 1.1893449427091938,
    "p90": 1.7615789220700857,
    "p95": 1.993230126283428,
    "min": 0.002450045327780326,
    "max": 2.0437099041298503,
    "rmsd_lt_1": 0.47368421052631576,
    "rmsd_lt_2": 0.9473684210526315
  }
}