{
  "predictions": "/inspire/hdd/project/chemicalreaction/libowen-253207030265/coding_with_ai/molecule3d-benchmark/work/compare_egnn/egnn_hd128_l5_lr1e_4_ep100_n1000/egnn_hd128_l5_lr1e_4_ep100_n1000.npz",
  "manifest": "/inspire/hdd/project/chemicalreaction/libowen-253207030265/coding_with_ai/molecule3d-benchmark/data/processed/work/test_chon20_manifest.json",
  "pred_count": 1000,
  "evaluated": 1000,
  "skipped": 0,
  "mismatched": 0,
  "elapsed_sec": 0.435,
  "plot": null,
  "per_sample_output": "/inspire/hdd/project/chemicalreaction/libowen-253207030265/coding_with_ai/molecule3d-benchmark/work/compare_egnn/egnn_hd128_l5_lr1e_4_ep100_n1000/egnn_hd128_l5_lr1e_4_ep100_n1000_per_sample.jsonl",
  "metrics": {
    "count": 1000.0,
    "mean": 1.1974652023975556,
    "median": 1.1396602645857254,
    "p90": 1.9298528472843421,
    "p95": 2.158582061771572,
    "min": 0.08986575698523322,
    "max": 4.2011899107435156,
    "rmsd_lt_1": 0.396,
    "rmsd_lt_2": 0.914
  }
}