{
  "manifest": "/inspire/hdd/project/chemicalreaction/libowen-253207030265/coding_with_ai/molecule3d-benchmark/data/processed/work/train_chon20_manifest.json",
  "train_samples": 1000,
  "atom_count": 20,
  "elements": [
    6,
    1,
    8,
    7
  ],
  "max_degree": 6,
  "epochs": 100,
  "hidden_dim": 128,
  "num_layers": 5,
  "lr": 0.0001,
  "batch_size": 32,
  "param_count": 580613,
  "loss_history": [
    1.3496824458804912,
    1.2917601006254553,
    1.247801551345736,
    1.2059024532437324,
    1.1829315590020268,
    1.1637145351581275,
    1.1502951855277643,
    1.1434122628495098,
    1.1355513931037857,
    1.1623975934199988,
    1.178977563355118,
    1.1626519276015461,
    1.1451949486620725,
    1.1321725843660533,
    1.1251814025975764,
    1.1195675441846251,
    1.1143479010351003,
    1.1092192289400846,
    1.1039616749063135,
    1.0985921131242067,
    1.0931447427421808,
    1.0875916702561081,
    1.0819491315353662,
    1.0761804389376193,
    1.0703394292928279,
    1.0645005695540457,
    1.058671614633873,
    1.0531142274718732,
    1.0482392038907855,
    1.044167663142085,
    1.0407183549534529,
    1.0376434706225992,
    1.034783402243629,
    1.0320501985019073,
    1.0293987223329022,
    1.0268343484988436,
    1.024535619848408,
    1.0227661606138572,
    1.0218024447541685,
    1.0211853304207326,
    1.0190801567751915,
    1.0141597733628005,
    1.0084500414170325,
    1.004176532424055,
    1.0010448701800778,
    0.9982281458415091,
    0.9954648713096976,
    0.9925105775911361,
    0.989718077654019,
    0.9868796320706605,
    0.9842623275853694,
    0.9817194844987244,
    0.979279908824712,
    0.9769054434355349,
    0.9745826475471259,
    0.9722989036738873,
    0.9700609250012785,
    0.9677740194499492,
    0.9654612783305347,
    0.9631406104452908,
    0.9608281187340617,
    0.9585166395045817,
    0.9562125161848962,
    0.9539194043176249,
    0.9516643558545038,
    0.9493940388439224,
    0.9470918900407851,
    0.9447557987580076,
    0.9424482137514278,
    0.940138344110921,
    0.9378862995794043,
    0.9356006198721006,
    0.9334095134260133,
    0.9311604538271203,
    0.9290452436869964,
    0.9269225867884233,
    0.9250146040031686,
    0.9231556743578986,
    0.9214588703224436,
    0.9194036676259711,
    0.9175815749634058,
    0.9132310867188498,
    0.9108084320705384,
    0.9076635742802173,
    0.9069236309733242,
    0.9039809294892475,
    0.9031151911858469,
    0.8989475705465302,
    0.8980612351419404,
    0.8942371092382818,
    0.8935502948546782,
    0.8898849622495473,
    0.8892686174707487,
    0.8846704025799409,
    0.8847673472529277,
    0.8798857703180983,
    0.8801040989188478,
    0.8765474819699303,
    0.8763004234386608,
    0.8738462231382728
  ],
  "device": "cuda",
  "seed": 0,
  "train_elapsed_sec": 524.649,
  "checkpoint": "/inspire/hdd/project/chemicalreaction/libowen-253207030265/coding_with_ai/molecule3d-benchmark/work/compare_egnn/egnn_hd128_l5_lr1e_4_ep100_n1000/egnn_hd128_l5_lr1e_4_ep100_n1000.pt"
}
