{
  "predictions": "/inspire/hdd/project/chemicalreaction/libowen-253207030265/coding_with_ai/molecule3d-benchmark/work/compare_mpnn/mpnn_hd128_l5_lr1e_4_ep100_n5000/mpnn_hd128_l5_lr1e_4_ep100_n5000.npz",
  "manifest": "/inspire/hdd/project/chemicalreaction/libowen-253207030265/coding_with_ai/molecule3d-benchmark/data/processed/work/test_chon20_manifest.json",
  "pred_count": 1000,
  "evaluated": 1000,
  "skipped": 0,
  "mismatched": 0,
  "elapsed_sec": 0.555,
  "plot": null,
  "per_sample_output": "/inspire/hdd/project/chemicalreaction/libowen-253207030265/coding_with_ai/molecule3d-benchmark/work/compare_mpnn/mpnn_hd128_l5_lr1e_4_ep100_n5000/mpnn_hd128_l5_lr1e_4_ep100_n5000_per_sample.jsonl",
  "metrics": {
    "count": 1000.0,
    "mean": 2.245793702648611,
    "median": 2.028557094200613,
    "p90": 3.229747745192881,
    "p95": 3.831184060284331,
    "min": 0.9240415750794135,
    "max": 5.98865593371393,
    "rmsd_lt_1": 0.002,
    "rmsd_lt_2": 0.481
  }
}