{
  "manifest": "/inspire/hdd/project/chemicalreaction/libowen-253207030265/coding_with_ai/molecule3d-benchmark/data/processed/work/train_chon20_manifest.json",
  "train_samples": 5000,
  "atom_count": 20,
  "elements": [
    6,
    1,
    8,
    7
  ],
  "max_degree": 6,
  "epochs": 100,
  "hidden_dim": 128,
  "num_layers": 5,
  "lr": 0.0001,
  "batch_size": 32,
  "param_count": 529793,
  "loss_history": [
    12.42201160173416,
    5.895067732167244,
    5.329865589928627,
    5.236693995976448,
    5.1714677396059034,
    5.118278853273392,
    5.060236044430733,
    4.992605960226059,
    4.920221689915657,
    4.786078108906746,
    4.504832898354531,
    4.190935650575161,
    3.972204894936085,
    3.7620102596879006,
    3.585248752105236,
    3.4236384845256804,
    3.326329332327843,
    3.2501761590242384,
    3.1981487306594847,
    3.140313008236885,
    3.085903721654415,
    3.0416568502664565,
    3.0001620985746382,
    2.9657003227829932,
    2.93013293402195,
    2.8972637252390383,
    2.8740362948060034,
    2.8539568222105505,
    2.8327721172332763,
    2.795932270348072,
    2.796895890957117,
    2.758650214356184,
    2.7470735026657582,
    2.725895033502579,
    2.7127245633363724,
    2.6936467541217803,
    2.6662547112822534,
    2.652808999311924,
    2.6333575303673746,
    2.6168519774079324,
    2.5967086000323296,
    2.5734629868745804,
    2.5482639113306997,
    2.5176534827172756,
    2.4883697340130806,
    2.4576693080842493,
    2.4344142275214193,
    2.4210138323545456,
    2.4039302012860775,
    2.389934477251768,
    2.3732556636452675,
    2.3604275705218316,
    2.346963485366106,
    2.3347542122602465,
    2.3178031337440013,
    2.306701438462734,
    2.2959913364589215,
    2.280259414577484,
    2.2687770277142523,
    2.2555258610486986,
    2.241021783423424,
    2.2301687552154066,
    2.2180724859237673,
    2.204381138008833,
    2.1948423723101618,
    2.18399272583127,
    2.1704249094724655,
    2.162895796662569,
    2.1562588719069957,
    2.1436450597822665,
    2.132956997734308,
    2.1207672887265683,
    2.110519300210476,
    2.0983923105418683,
    2.0836167516708373,
    2.0739884587585924,
    2.0654672183930876,
    2.0556632968366144,
    2.0472951769948007,
    2.0423338672816755,
    2.0339102221667766,
    2.030237975817919,
    2.0158249725818633,
    2.0087040817677977,
    2.0005120817542075,
    1.990665563005209,
    1.9841986113727093,
    1.9766011698186396,
    1.9707041260302067,
    1.962813581621647,
    1.9521458553195,
    1.949881658089161,
    1.9432379892408849,
    1.9354968259990215,
    1.9288911228179932,
    1.9248821309447288,
    1.9177232513666154,
    1.9098689649105072,
    1.9040053402423858,
    1.8980120405972003
  ],
  "device": "cuda",
  "seed": 0,
  "train_elapsed_sec": 1948.899,
  "checkpoint": "/inspire/hdd/project/chemicalreaction/libowen-253207030265/coding_with_ai/molecule3d-benchmark/work/compare_mpnn/mpnn_hd128_l5_lr1e_4_ep100_n5000/mpnn_hd128_l5_lr1e_4_ep100_n5000.pt"
}
