{
  "manifest": "/inspire/hdd/project/chemicalreaction/libowen-253207030265/coding_with_ai/molecule3d-benchmark/data/processed/work/train_chon20_manifest.json",
  "train_samples": 2000,
  "atom_count": 20,
  "elements": [
    6,
    1,
    8,
    7
  ],
  "max_degree": 6,
  "epochs": 100,
  "hidden_dim": 128,
  "num_layers": 5,
  "num_heads": 4,
  "dropout": 0.0,
  "rbf_bins": 16,
  "rbf_cutoff": 5.0,
  "lr": 0.0001,
  "batch_size": 32,
  "param_count": 1585433,
  "loss_history": [
    1.092012966908049,
    1.0056336438469589,
    0.9635527789825573,
    0.9459666246632114,
    0.9385143257102463,
    1.266640401229728,
    1.023443541175686,
    0.9673495652340353,
    0.9284938766565174,
    0.8961849577100948,
    0.8678670972618274,
    0.848030177208595,
    0.8317118895252934,
    0.8209855408330914,
    0.8087384646622231,
    0.8016425583469682,
    0.7966387883317657,
    0.7917849152334966,
    0.7871650700613391,
    0.7827460676003247,
    0.7783132452701684,
    0.7735351411288138,
    0.7685532800424844,
    0.763819234012044,
    0.7590560071180807,
    0.7542621009292779,
    0.7486767111710505,
    0.7424797007904854,
    0.7339938552185195,
    0.7249611294036731,
    0.7150201677458826,
    0.7068482660662848,
    0.7023428521169117,
    0.6975858704175334,
    0.6941581373725785,
    0.6909069296589587,
    0.6877504550865852,
    0.6848483096238924,
    0.6822536263405345,
    0.679966047453112,
    0.677979834298254,
    0.6763132405345096,
    0.674927137952298,
    0.6738285785865737,
    0.6732151047554799,
    0.6734122096968349,
    0.6741837155290413,
    0.672120258115232,
    0.6712140001246589,
    0.669640970264154,
    0.6693041418175563,
    0.6683983223652468,
    0.667925678897358,
    0.6673689759203698,
    0.6670033722461667,
    0.6666875070892856,
    0.6663012373088859,
    0.6659164119320922,
    0.6655909395520575,
    0.6656443213442108,
    0.6660214797801455,
    0.6662209271505126,
    0.6657943622980383,
    0.6642795486250543,
    0.6648159245610005,
    0.674552421801549,
    0.6711615098759066,
    0.6687748935186537,
    0.6657593689415371,
    0.6674271266517462,
    0.6643353090402088,
    0.6595278786959825,
    0.6535864254469052,
    0.6587597667264053,
    0.6579433524549241,
    0.6665339032885386,
    0.6485277271270752,
    0.6558071980570094,
    0.6480644681770354,
    0.6446270289750536,
    0.6404920729104197,
    0.6522885805011028,
    0.6420871124839177,
    0.6487390968636609,
    0.6346007308164844,
    0.6308166560661048,
    0.6415149345293175,
    0.6291713259529788,
    0.638294686306268,
    0.635069580365438,
    0.6324290003143251,
    0.6280834969569696,
    0.6313313567728037,
    0.6285575463548303,
    0.6261025813879678,
    0.6266658790700603,
    0.6213045601695776,
    0.6264582235341659,
    0.6356039242694387,
    0.6077426598682069
  ],
  "device": "cuda",
  "seed": 0,
  "train_elapsed_sec": 2087.938,
  "checkpoint": "/inspire/hdd/project/chemicalreaction/libowen-253207030265/coding_with_ai/molecule3d-benchmark/work/compare_egnn_transformer/egnntr_hd128_l5_h4_lr1e_4_ep100_n2000/egnntr_hd128_l5_h4_lr1e_4_ep100_n2000.pt"
}
