{
  "predictions": "/inspire/hdd/project/chemicalreaction/libowen-253207030265/coding_with_ai/molecule3d-benchmark/work/compare_egnn_transformer/egnntr_hd128_l5_h4_lr1e_4_ep100_n2000/egnntr_hd128_l5_h4_lr1e_4_ep100_n2000.npz",
  "manifest": "/inspire/hdd/project/chemicalreaction/libowen-253207030265/coding_with_ai/molecule3d-benchmark/data/processed/work/test_chon20_manifest.json",
  "pred_count": 1000,
  "evaluated": 1000,
  "skipped": 0,
  "mismatched": 0,
  "elapsed_sec": 0.424,
  "plot": null,
  "per_sample_output": "/inspire/hdd/project/chemicalreaction/libowen-253207030265/coding_with_ai/molecule3d-benchmark/work/compare_egnn_transformer/egnntr_hd128_l5_h4_lr1e_4_ep100_n2000/egnntr_hd128_l5_h4_lr1e_4_ep100_n2000_per_sample.jsonl",
  "metrics": {
    "count": 1000.0,
    "mean": 1.1794077538760812,
    "median": 1.1393185302576718,
    "p90": 1.9011645620118391,
    "p95": 2.1437628567901243,
    "min": 0.06736630315260096,
    "max": 3.6890143387432035,
    "rmsd_lt_1": 0.404,
    "rmsd_lt_2": 0.926
  }
}