{
  "predictions": "/inspire/hdd/project/chemicalreaction/libowen-253207030265/coding_with_ai/molecule3d-benchmark/work/compare_mpnn/mpnn_hd128_l4_lr1e_4_ep100_n2000/mpnn_hd128_l4_lr1e_4_ep100_n2000.npz",
  "manifest": "/inspire/hdd/project/chemicalreaction/libowen-253207030265/coding_with_ai/molecule3d-benchmark/data/processed/work/test_chon20_manifest.json",
  "pred_count": 1000,
  "evaluated": 1000,
  "skipped": 0,
  "mismatched": 0,
  "elapsed_sec": 0.465,
  "plot": null,
  "per_sample_output": "/inspire/hdd/project/chemicalreaction/libowen-253207030265/coding_with_ai/molecule3d-benchmark/work/compare_mpnn/mpnn_hd128_l4_lr1e_4_ep100_n2000/mpnn_hd128_l4_lr1e_4_ep100_n2000_per_sample.jsonl",
  "metrics": {
    "count": 1000.0,
    "mean": 2.4571360506394084,
    "median": 2.3234552354598175,
    "p90": 3.359078545061187,
    "p95": 3.886889686915812,
    "min": 1.2190130356405586,
    "max": 5.8800777580818755,
    "rmsd_lt_1": 0.0,
    "rmsd_lt_2": 0.281
  }
}