{
  "manifest": "/inspire/hdd/project/chemicalreaction/libowen-253207030265/coding_with_ai/molecule3d-benchmark/data/processed/work/train_chon20_manifest.json",
  "train_samples": 2000,
  "atom_count": 20,
  "elements": [
    6,
    1,
    8,
    7
  ],
  "max_degree": 6,
  "epochs": 100,
  "hidden_dim": 128,
  "num_layers": 4,
  "lr": 0.0001,
  "batch_size": 32,
  "param_count": 430849,
  "loss_history": [
    17.88636759865284,
    8.810368731021882,
    6.596184967637062,
    5.386036695361137,
    5.039542958855629,
    4.948692507147789,
    4.911458755135536,
    4.886847671806812,
    4.85987521314621,
    4.837517976820469,
    4.819144791722298,
    4.80237117087841,
    4.7879402948617935,
    4.776861266314984,
    4.7635919045805935,
    4.752395360648632,
    4.7405595687031745,
    4.729670232594013,
    4.717949313163757,
    4.705460876464843,
    4.692688504636288,
    4.679255793809891,
    4.664123765170574,
    4.648267422497272,
    4.632101603209972,
    4.61318959748745,
    4.5958238517642025,
    4.583553387701511,
    4.565430980086327,
    4.552749333798885,
    4.538158255457878,
    4.52718906545639,
    4.512813810288906,
    4.502949223279953,
    4.483341652452946,
    4.471333099722862,
    4.45888393753767,
    4.443897706568241,
    4.42772303044796,
    4.415365009367466,
    4.397749409198761,
    4.383427615106106,
    4.370034246444702,
    4.355673185765744,
    4.33764141601324,
    4.319162124574184,
    4.298442104279995,
    4.272074432015419,
    4.246616213679314,
    4.221496578931808,
    4.2003672462105754,
    4.178547314226627,
    4.159966122746468,
    4.139790436148643,
    4.130330856442452,
    4.114422750174999,
    4.0974523457288745,
    4.081473949968815,
    4.0644429861307145,
    4.048274268507957,
    4.031524309873581,
    4.0157522031664845,
    3.999009362757206,
    3.979201139211655,
    3.958092886030674,
    3.9363671019673347,
    3.916437184214592,
    3.893838790178299,
    3.8746250578165053,
    3.848880276799202,
    3.824340230166912,
    3.7995256613492967,
    3.762399571031332,
    3.6968801865279675,
    3.6504247009754183,
    3.6165770183205606,
    3.588210712760687,
    3.5595797415971755,
    3.5344052158296106,
    3.5129717772006988,
    3.491752713799477,
    3.4731448072195055,
    3.456007652401924,
    3.4401215215623377,
    3.422818939834833,
    3.403095078915358,
    3.3867802061736585,
    3.377423534631729,
    3.365507559210062,
    3.3519840623438357,
    3.3402974708378315,
    3.326226095378399,
    3.317631662726402,
    3.3028154027462007,
    3.289529445439577,
    3.276465526252985,
    3.263221027493477,
    3.252880920767784,
    3.242218607276678,
    3.2320031639039515
  ],
  "device": "cuda",
  "seed": 0,
  "train_elapsed_sec": 679.22,
  "checkpoint": "/inspire/hdd/project/chemicalreaction/libowen-253207030265/coding_with_ai/molecule3d-benchmark/work/compare_mpnn/mpnn_hd128_l4_lr1e_4_ep100_n2000/mpnn_hd128_l4_lr1e_4_ep100_n2000.pt"
}
