{
  "manifest": "/inspire/hdd/project/chemicalreaction/libowen-253207030265/coding_with_ai/molecule3d-benchmark/data/processed/work/train_chon20_manifest.json",
  "train_samples": 5000,
  "atom_count": 20,
  "elements": [
    6,
    1,
    8,
    7
  ],
  "max_degree": 6,
  "epochs": 100,
  "hidden_dim": 128,
  "num_layers": 4,
  "lr": 0.0001,
  "batch_size": 32,
  "param_count": 464900,
  "loss_history": [
    1.165400371413864,
    1.087141454865411,
    1.0630706034209578,
    1.0509381110057234,
    1.0425050177965314,
    1.0360852538567036,
    1.0299844453494995,
    1.026332428234443,
    1.021021824065596,
    1.018081472554058,
    1.0140652394607663,
    1.0106289011418819,
    1.0067045175034552,
    1.0021392764903605,
    0.9967587320346385,
    0.9917002535685897,
    0.9876120244622231,
    0.9845011923899875,
    0.9814217346312478,
    0.9786798146475106,
    0.9758995941137895,
    0.9731881855310872,
    0.9708941211858765,
    0.9686852810636163,
    0.9665700624180957,
    0.9644913151880726,
    0.9624443914668634,
    0.9604523682568222,
    0.9585307391867042,
    0.9566716092875227,
    0.9548781309012324,
    0.9531806487090886,
    0.9515605594715103,
    0.9500040015347302,
    0.9485005091259257,
    0.9470383198630065,
    0.9456114890204742,
    0.9442236355828121,
    0.9428732547413557,
    0.9415548437722028,
    0.9402651215173304,
    0.9390189672879875,
    0.9378152539024129,
    0.9366566358305514,
    0.9355367153512314,
    0.9344605940123089,
    0.9334231634723954,
    0.9324247331519612,
    0.9314495227710344,
    0.9304968476029113,
    0.9296408126857132,
    0.928733386317268,
    0.9279004883279093,
    0.9270243206823244,
    0.9262216996861622,
    0.9253427480952814,
    0.9245941573133692,
    0.9236996210905724,
    0.9230276837153361,
    0.9221182814673521,
    0.9215050314608961,
    0.9205737235301175,
    0.919922239338234,
    0.9190250155260786,
    0.9183887648491189,
    0.9175138893851079,
    0.9169224653833545,
    0.9160567168114707,
    0.9154946350784041,
    0.9146603094298392,
    0.914138223399315,
    0.9133200802742504,
    0.912827040629927,
    0.9120283453652636,
    0.9115641106730327,
    0.9107854415325448,
    0.9103625238206238,
    0.9096016393320635,
    0.9091584480566904,
    0.9084409556355327,
    0.9079623991997913,
    0.9072869918445126,
    0.9067783719712869,
    0.9061384763253852,
    0.9056058618979529,
    0.9050002608630806,
    0.9044444733876735,
    0.90380072623007,
    0.9032198884982616,
    0.9026224424405024,
    0.9020451288793236,
    0.9014497123448179,
    0.9008185032146051,
    0.900228703269735,
    0.8996414378315211,
    0.899077221323736,
    0.8985072066195309,
    0.8979357873311267,
    0.8973660560475663,
    0.8968077565740794
  ],
  "device": "cuda",
  "seed": 0,
  "train_elapsed_sec": 2177.783,
  "checkpoint": "/inspire/hdd/project/chemicalreaction/libowen-253207030265/coding_with_ai/molecule3d-benchmark/work/compare_egnn/egnn_hd128_l4_lr1e_4_ep100_n5000/egnn_hd128_l4_lr1e_4_ep100_n5000.pt"
}
