{
  "predictions": "/inspire/hdd/project/chemicalreaction/libowen-253207030265/coding_with_ai/molecule3d-benchmark/work/compare_mpnn/mpnn_hd128_l4_lr1e_4_ep100_n1000/mpnn_hd128_l4_lr1e_4_ep100_n1000.npz",
  "manifest": "/inspire/hdd/project/chemicalreaction/libowen-253207030265/coding_with_ai/molecule3d-benchmark/data/processed/work/test_chon20_manifest.json",
  "pred_count": 1000,
  "evaluated": 1000,
  "skipped": 0,
  "mismatched": 0,
  "elapsed_sec": 0.426,
  "plot": null,
  "per_sample_output": "/inspire/hdd/project/chemicalreaction/libowen-253207030265/coding_with_ai/molecule3d-benchmark/work/compare_mpnn/mpnn_hd128_l4_lr1e_4_ep100_n1000/mpnn_hd128_l4_lr1e_4_ep100_n1000_per_sample.jsonl",
  "metrics": {
    "count": 1000.0,
    "mean": 2.869144863436364,
    "median": 2.7823643137310516,
    "p90": 3.659138982657544,
    "p95": 3.982725356045341,
    "min": 1.4969595469535615,
    "max": 5.551740018807292,
    "rmsd_lt_1": 0.0,
    "rmsd_lt_2": 0.027
  }
}