{
  "manifest": "/inspire/hdd/project/chemicalreaction/libowen-253207030265/coding_with_ai/molecule3d-benchmark/data/processed/work/train_chon20_manifest.json",
  "train_samples": 1000,
  "atom_count": 20,
  "elements": [
    6,
    1,
    8,
    7
  ],
  "max_degree": 6,
  "epochs": 100,
  "hidden_dim": 128,
  "num_layers": 4,
  "lr": 0.0001,
  "batch_size": 32,
  "param_count": 430849,
  "loss_history": [
    22.152169840812682,
    14.638020318508149,
    9.49406006026268,
    8.301977944374084,
    6.9505613925457,
    6.069673644304276,
    5.699579667329788,
    5.462533744692802,
    5.330029866099357,
    5.2512206072807315,
    5.1984395756721495,
    5.165641030907631,
    5.141112992763519,
    5.1210357457399365,
    5.102962480902672,
    5.088373297929764,
    5.073091251015663,
    5.05964790725708,
    5.048814562439919,
    5.041590511083603,
    5.025350214481354,
    5.018714363694191,
    5.0083378739357,
    5.001104977250099,
    4.992161774992943,
    4.984926560282707,
    4.978324349761009,
    4.970822644472122,
    4.964457683324814,
    4.958456580162048,
    4.953389343380928,
    4.946013731598854,
    4.940908728599548,
    4.933955255627632,
    4.92864669072628,
    4.921535949349403,
    4.916736822843552,
    4.911347667694092,
    4.903165370345116,
    4.897255977749825,
    4.88827754509449,
    4.882786484599113,
    4.874932782411575,
    4.867790969491005,
    4.864940939545631,
    4.851090136408806,
    4.842852430582046,
    4.833154815196991,
    4.825024247288704,
    4.813414470791817,
    4.804884052991867,
    4.793690866112709,
    4.7876615974903105,
    4.77678250181675,
    4.7662675288915635,
    4.75541660296917,
    4.748519741535187,
    4.7367148957252505,
    4.7276775971651075,
    4.7217877665758134,
    4.707583790421486,
    4.702315109014511,
    4.688694023013115,
    4.682168345570564,
    4.67091238451004,
    4.658684748768806,
    4.651591777682304,
    4.637316347718238,
    4.62836612379551,
    4.6162498239278795,
    4.605764858007431,
    4.593285635113716,
    4.58051682639122,
    4.56585778605938,
    4.555287081122398,
    4.5376835296154026,
    4.527430255174637,
    4.505714582920074,
    4.494708257555962,
    4.478003184318543,
    4.463961774468422,
    4.449086677074432,
    4.428307071328163,
    4.415185316801071,
    4.406777925372124,
    4.384169472813606,
    4.371683571100235,
    4.356126618504525,
    4.345791397213936,
    4.330103999614716,
    4.3232023483514785,
    4.30993801343441,
    4.302154077887535,
    4.291741019129753,
    4.284509976863861,
    4.276203841328621,
    4.264333748459816,
    4.253437939286232,
    4.2474198780059815,
    4.233100258588791
  ],
  "device": "cuda",
  "seed": 0,
  "train_elapsed_sec": 327.13,
  "checkpoint": "/inspire/hdd/project/chemicalreaction/libowen-253207030265/coding_with_ai/molecule3d-benchmark/work/compare_mpnn/mpnn_hd128_l4_lr1e_4_ep100_n1000/mpnn_hd128_l4_lr1e_4_ep100_n1000.pt"
}
