{
  "manifest": "/inspire/hdd/project/chemicalreaction/libowen-253207030265/coding_with_ai/molecule3d-benchmark/data/processed/work/train_chon20_manifest.json",
  "train_samples": 500,
  "atom_count": 20,
  "elements": [
    6,
    1,
    8,
    7
  ],
  "max_degree": 6,
  "epochs": 100,
  "hidden_dim": 128,
  "num_layers": 5,
  "lr": 0.0001,
  "batch_size": 32,
  "param_count": 529793,
  "loss_history": [
    22.012422733306884,
    21.456181745529175,
    17.599982931137085,
    11.395086833000184,
    9.926668167114258,
    9.249313317775727,
    8.638478184700013,
    7.957391390800476,
    7.085927275180817,
    6.433535028934479,
    6.160485964775085,
    5.903668109178543,
    5.64140274977684,
    5.453967790365219,
    5.3082105295658115,
    5.1954773058891295,
    5.139508380651474,
    5.135469483137131,
    5.088511823177337,
    5.064335533857346,
    5.053821115493775,
    5.03375298166275,
    5.018466741323471,
    5.006905408620835,
    4.99557517528534,
    4.985917644262313,
    4.9770079870224,
    4.967822631597519,
    4.959793393850327,
    4.95266777253151,
    4.94488420844078,
    4.937578709602356,
    4.930633579015732,
    4.923106915235519,
    4.917801809310913,
    4.9099365096092225,
    4.903065923690796,
    4.89771701002121,
    4.8931423163414,
    4.886209371805191,
    4.879021074771881,
    4.874608616113663,
    4.870832852840423,
    4.863865908384323,
    4.857528102874756,
    4.852493421792984,
    4.849019134759903,
    4.844325672864914,
    4.838791879177093,
    4.836175827026367,
    4.831610589504242,
    4.82521727848053,
    4.822422303676605,
    4.820403037786484,
    4.815644115924835,
    4.811585838556289,
    4.808634986877442,
    4.804696300029755,
    4.8012098412513735,
    4.799596802473069,
    4.796273483276368,
    4.7905951898098,
    4.788203596591949,
    4.786050534248352,
    4.781069674491882,
    4.777400873184204,
    4.773536659955979,
    4.770947060585022,
    4.767676546573639,
    4.7633640758991245,
    4.76081933093071,
    4.757154067754746,
    4.752102999448776,
    4.7502769658565525,
    4.747928009748459,
    4.742160018920899,
    4.738184607982635,
    4.735782429933548,
    4.731831208467484,
    4.728018310070038,
    4.725088666200638,
    4.718101870536804,
    4.714362311840057,
    4.712308769464493,
    4.707353396654129,
    4.7019893293380735,
    4.6976323480606075,
    4.693827604532242,
    4.688245838165283,
    4.6831178262233735,
    4.680220676898957,
    4.674875092983246,
    4.668822559833527,
    4.665046269416809,
    4.660670516252518,
    4.656823645591736,
    4.652026320457458,
    4.645119957685471,
    4.639215019702911,
    4.635223215579987
  ],
  "device": "cuda",
  "seed": 0,
  "train_elapsed_sec": 219.825,
  "checkpoint": "/inspire/hdd/project/chemicalreaction/libowen-253207030265/coding_with_ai/molecule3d-benchmark/work/compare_mpnn/mpnn_hd128_l5_lr1e_4_ep100_n500/mpnn_hd128_l5_lr1e_4_ep100_n500.pt"
}
