{
  "manifest": "/inspire/hdd/project/chemicalreaction/libowen-253207030265/coding_with_ai/molecule3d-benchmark/data/processed/work/train_chon20_manifest.json",
  "train_samples": 500,
  "atom_count": 20,
  "elements": [
    6,
    1,
    8,
    7
  ],
  "max_degree": 6,
  "epochs": 100,
  "hidden_dim": 128,
  "num_layers": 4,
  "lr": 0.0001,
  "batch_size": 32,
  "param_count": 430849,
  "loss_history": [
    22.121691858291626,
    21.52382574081421,
    18.265862386703493,
    10.85874362230301,
    9.716262363910674,
    9.06794633769989,
    8.482669699192048,
    7.8861453800201415,
    7.2045057888031,
    6.465063722133636,
    6.164201450824738,
    5.985185441732407,
    5.744412097454071,
    5.595361608505249,
    5.497432287931442,
    5.405091877222061,
    5.309061108112335,
    5.213187641143799,
    5.148539312124252,
    5.1186363685131075,
    5.101763417482376,
    5.076911735773087,
    5.063763623714447,
    5.0477998614311215,
    5.036014059066773,
    5.026202714920044,
    5.018903371334076,
    5.007825719118118,
    4.9982151050567625,
    4.9917860660552975,
    4.984176002979279,
    4.976928131818771,
    4.970198444604874,
    4.963604749202728,
    4.957371785402298,
    4.952981477499008,
    4.9443921065330505,
    4.940496431112289,
    4.93413458108902,
    4.930449880123138,
    4.925088931322097,
    4.919885279655457,
    4.916308979272842,
    4.9116267287731175,
    4.907545431375503,
    4.902964500188827,
    4.898327538251877,
    4.894022355079651,
    4.890863174676896,
    4.8870856804847715,
    4.883272961378098,
    4.879749231338501,
    4.87568425822258,
    4.872228648424149,
    4.8681895048618316,
    4.865263160705567,
    4.860394193172455,
    4.861596143960953,
    4.8553036110401155,
    4.850785304069519,
    4.845085165500641,
    4.8417716593742375,
    4.836769314289093,
    4.832943071126937,
    4.827962515354156,
    4.8232320630550385,
    4.817941259384155,
    4.812458005189896,
    4.805960474967956,
    4.801915920257568,
    4.7965766696929935,
    4.788435646533966,
    4.783025649547577,
    4.776979215145111,
    4.771366978168488,
    4.765110159397126,
    4.761424226760864,
    4.753071215629578,
    4.747849367856979,
    4.740356058359146,
    4.7347698121070865,
    4.7281957094669345,
    4.721630623102188,
    4.714957654476166,
    4.708639427185059,
    4.703637924432755,
    4.695783746719361,
    4.691046404123306,
    4.684614511489868,
    4.678824632406235,
    4.671809773206711,
    4.665226181030273,
    4.660071679830551,
    4.654654835224152,
    4.644837174654007,
    4.642250302314758,
    4.637529489040375,
    4.630858027219772,
    4.627740039110184,
    4.619186320781708
  ],
  "device": "cuda",
  "seed": 0,
  "train_elapsed_sec": 174.265,
  "checkpoint": "/inspire/hdd/project/chemicalreaction/libowen-253207030265/coding_with_ai/molecule3d-benchmark/work/compare_mpnn/mpnn_hd128_l4_lr1e_4_ep100_n500/mpnn_hd128_l4_lr1e_4_ep100_n500.pt"
}
