{
  "predictions": "/inspire/hdd/project/chemicalreaction/libowen-253207030265/coding_with_ai/molecule3d-benchmark/work/compare_egnn_transformer/egnntr_hd128_l5_h4_lr1e_4_ep100_n5000/egnntr_hd128_l5_h4_lr1e_4_ep100_n5000.npz",
  "manifest": "/inspire/hdd/project/chemicalreaction/libowen-253207030265/coding_with_ai/molecule3d-benchmark/data/processed/work/test_chon20_manifest.json",
  "pred_count": 1000,
  "evaluated": 999,
  "skipped": 1,
  "mismatched": 0,
  "elapsed_sec": 0.431,
  "plot": null,
  "per_sample_output": "/inspire/hdd/project/chemicalreaction/libowen-253207030265/coding_with_ai/molecule3d-benchmark/work/compare_egnn_transformer/egnntr_hd128_l5_h4_lr1e_4_ep100_n5000/egnntr_hd128_l5_h4_lr1e_4_ep100_n5000_per_sample.jsonl",
  "metrics": {
    "count": 999.0,
    "mean": 1.1623159760716935,
    "median": 1.1177928850938197,
    "p90": 1.882076592360816,
    "p95": 2.111173713063166,
    "min": 0.08095568520804561,
    "max": 3.5771869823325115,
    "rmsd_lt_1": 0.4014014014014014,
    "rmsd_lt_2": 0.934934934934935
  }
}