{
  "manifest": "/inspire/hdd/project/chemicalreaction/libowen-253207030265/coding_with_ai/molecule3d-benchmark/data/processed/work/train_chon20_manifest.json",
  "train_samples": 5000,
  "atom_count": 20,
  "elements": [
    6,
    1,
    8,
    7
  ],
  "max_degree": 6,
  "epochs": 100,
  "hidden_dim": 128,
  "num_layers": 5,
  "num_heads": 4,
  "dropout": 0.0,
  "rbf_bins": 16,
  "rbf_cutoff": 5.0,
  "lr": 0.0001,
  "batch_size": 32,
  "param_count": 1585433,
  "loss_history": [
    1.170186564118974,
    1.0670982835894451,
    1.0044353576842695,
    0.9579089676355943,
    0.930434255122859,
    0.9179882976846769,
    0.9049576920354739,
    0.891454468692746,
    0.8876436017273459,
    0.882618135595508,
    0.8784605980283581,
    0.8709392359153367,
    0.8681652277476154,
    0.8665746179354843,
    0.8886737733229063,
    0.8798623507724144,
    0.8657983364667744,
    0.8524335321577265,
    0.8501467609378509,
    0.8457784940432758,
    0.8430467930923216,
    0.83770812853463,
    0.8328696539706085,
    0.8275513242880814,
    0.8279086257669144,
    0.8229042306884192,
    0.8275136999421753,
    0.8116739365158603,
    0.807420872298535,
    0.8050621792884544,
    0.7944436146232765,
    0.7868496590455063,
    0.7811503066698089,
    0.7713791025180835,
    0.7687240919682198,
    0.7558187394952868,
    0.7508422943441663,
    0.7393253336752997,
    0.7442018735963386,
    0.7526126253319438,
    0.7301484072404913,
    0.7170024109370657,
    0.7087031042503659,
    0.7064142094029113,
    0.7099869701804128,
    0.703392390811583,
    0.6938104583995417,
    0.68171167044756,
    0.6714822388958186,
    0.6755478916547029,
    0.6652932315237354,
    0.6645194303593133,
    0.6539479952625931,
    0.655627058561379,
    0.6453802835111041,
    0.6387304168735165,
    0.638867499763798,
    0.6593842555783689,
    0.6396039234653581,
    0.627773116703285,
    0.6203061662985944,
    0.6132915441650199,
    0.6153398164150771,
    0.6051042890783632,
    0.6098507071086555,
    0.6229569766577333,
    0.6011281670206227,
    0.5876690518169897,
    0.5854517484072363,
    0.5824885677369428,
    0.5802562263838248,
    0.5727178904283093,
    0.5704049885723275,
    0.569081308443984,
    0.5719021166709717,
    0.5575816749512218,
    0.5574639995385893,
    0.5555150184634433,
    0.5586574423613493,
    0.5453314900450874,
    0.5354453758026241,
    0.5371315957291052,
    0.5328712130775675,
    0.5300938422137872,
    0.536977055038698,
    0.5353950282804202,
    0.5280656585464021,
    0.5189142319930717,
    0.5229265008090297,
    0.515195815564273,
    0.5144271128221881,
    0.5134003492319025,
    0.5262175186899957,
    0.5175181229914538,
    0.5113452638384653,
    0.5174367578989826,
    0.5104419564362849,
    0.503121492215665,
    0.5031874855551869,
    0.4989153854054399
  ],
  "device": "cuda",
  "seed": 0,
  "train_elapsed_sec": 5279.311,
  "checkpoint": "/inspire/hdd/project/chemicalreaction/libowen-253207030265/coding_with_ai/molecule3d-benchmark/work/compare_egnn_transformer/egnntr_hd128_l5_h4_lr1e_4_ep100_n5000/egnntr_hd128_l5_h4_lr1e_4_ep100_n5000.pt"
}
