{
  "manifest": "/inspire/hdd/project/chemicalreaction/libowen-253207030265/coding_with_ai/molecule3d-benchmark/data/processed/work/train_chon20_manifest.json",
  "train_samples": 500,
  "atom_count": 20,
  "elements": [
    6,
    1,
    8,
    7
  ],
  "max_degree": 6,
  "epochs": 100,
  "hidden_dim": 128,
  "num_layers": 5,
  "lr": 0.0001,
  "batch_size": 32,
  "param_count": 580613,
  "loss_history": [
    1.5640399520331993,
    1.493437032148242,
    1.4763609611690045,
    1.4573471769466997,
    1.4313486137464642,
    1.400099525794387,
    1.367542973868549,
    1.3392184960916638,
    1.3170563392750918,
    1.3086922779381276,
    1.8148154888413845,
    1.399654365941882,
    1.4026085776360706,
    1.3805989882145078,
    1.3676810701265931,
    1.3633052184917032,
    1.3616496082246303,
    1.3602880885824562,
    1.3590007150880992,
    1.3577809282578528,
    1.356594472400844,
    1.3554244506508113,
    1.3542631752751768,
    1.3531050000786782,
    1.3519448686279356,
    1.350777828309685,
    1.3495990458726883,
    1.3484036082588136,
    1.347186391890049,
    1.3459416009746492,
    1.3446629272662103,
    1.3433432483524084,
    1.3419747213311493,
    1.3405488352924586,
    1.339056564707309,
    1.3374883885867894,
    1.3358344456590712,
    1.3340846256949008,
    1.3322286258041858,
    1.3302558045834303,
    1.3281553605943919,
    1.325916595160961,
    1.3235293429978192,
    1.3209860447198152,
    1.3182869457080961,
    1.3154502585083245,
    1.312529927726835,
    1.3096336652040481,
    1.306929124172777,
    1.3046220499165355,
    1.3028182548694311,
    1.3014498899877072,
    1.3003526054732502,
    1.2993952510096132,
    1.298508942529559,
    1.2976573603786528,
    1.2968178561404347,
    1.2959770020246506,
    1.2951276341117919,
    1.2942660256437957,
    1.2933900563679634,
    1.2924979031942785,
    1.2915879371538759,
    1.2906584641914816,
    1.289707766328007,
    1.2887341485936195,
    1.2877358562722803,
    1.2867111303173007,
    1.2856580566838383,
    1.2845748306605964,
    1.2834592657387256,
    1.2823093142174184,
    1.2811226464509964,
    1.2798967841863633,
    1.2786282930746675,
    1.2773163955248892,
    1.2759550310429186,
    1.2745411648470908,
    1.2730726762097329,
    1.271544639101252,
    1.2699522102754564,
    1.2682902341876179,
    1.2665512036755682,
    1.2647274833153934,
    1.2628107896363363,
    1.2607909739324823,
    1.2586559598809108,
    1.256391847767867,
    1.2539830398550258,
    1.2514127702480182,
    1.2486648670081049,
    1.2457256006943063,
    1.242595014853403,
    1.239292644791305,
    1.2358684656564147,
    1.2324174986407161,
    1.2291268255971373,
    1.2260194302517922,
    1.2233420766852796,
    1.2210113978637382
  ],
  "device": "cuda",
  "seed": 0,
  "train_elapsed_sec": 266.867,
  "checkpoint": "/inspire/hdd/project/chemicalreaction/libowen-253207030265/coding_with_ai/molecule3d-benchmark/work/compare_egnn/egnn_hd128_l5_lr1e_4_ep100_n500/egnn_hd128_l5_lr1e_4_ep100_n500.pt"
}
