{
  "manifest": "/inspire/hdd/project/chemicalreaction/libowen-253207030265/coding_with_ai/molecule3d-benchmark/data/processed/work/train_chon20_manifest.json",
  "train_samples": 500,
  "atom_count": 20,
  "elements": [
    6,
    1,
    8,
    7
  ],
  "max_degree": 6,
  "epochs": 100,
  "hidden_dim": 128,
  "num_layers": 5,
  "num_heads": 4,
  "dropout": 0.0,
  "rbf_bins": 16,
  "rbf_cutoff": 5.0,
  "lr": 0.0001,
  "batch_size": 32,
  "param_count": 1585433,
  "loss_history": [
    1.56834018480964,
    1.4815987416431309,
    1.45623906968534,
    1.402739160662517,
    1.3289026369526982,
    1.261394193381071,
    1.2615268726572395,
    1.2324372903890908,
    1.2703491324614733,
    1.228041773306206,
    1.181601179963909,
    1.1432370753213763,
    1.1106048109568656,
    1.0769459757469595,
    1.082622179160826,
    1.0678476948514581,
    1.058457827322185,
    1.056749398013577,
    1.0439697760376148,
    1.02992673981376,
    1.0215187846124172,
    1.0197195408120752,
    1.0083652989147232,
    1.0028403753144666,
    0.990907463664189,
    0.992955693250522,
    0.9817569186743349,
    0.9798949007429183,
    0.9684032571166754,
    0.9552172388257458,
    0.9426592895295471,
    0.9347387723280117,
    0.9209447216673289,
    0.9232454653857276,
    0.9412176334392279,
    1.0175697308760137,
    0.9337906080149114,
    0.9094681188678368,
    0.8915594434272498,
    0.8906068685622885,
    0.9040441727088764,
    0.8921714782938361,
    0.8745878810836002,
    0.8997301677074283,
    1.0759637248832732,
    1.25971374963969,
    1.1893031944353134,
    1.2010648372843862,
    1.448764761388302,
    1.4089573998656124,
    1.3683200888857245,
    1.3350615379437805,
    1.3035890541821717,
    1.2633620101725682,
    1.021478776017204,
    0.9973453920958564,
    0.9854650006988086,
    0.9559984269458801,
    0.9642822524355724,
    0.9772005544807761,
    1.122572665952146,
    1.0536483792755753,
    1.2131640028897672,
    0.9779724747128785,
    0.9455897060050629,
    0.9634495278187096,
    0.9489803559780121,
    0.9624886944908648,
    0.9346847990863025,
    0.9647699169814586,
    0.9226325553357602,
    0.9576209848434665,
    0.9677336649317294,
    0.9600310738384724,
    0.9423631111346186,
    0.9430679398970678,
    0.9148563482277096,
    0.940528430243954,
    0.9401401986852288,
    0.9555753612648695,
    0.9310284079480916,
    0.9466889666961505,
    0.9208548912573605,
    0.9642218193016014,
    0.9511815734282136,
    0.9302313206223771,
    0.886359096577391,
    0.9107881838483736,
    0.8804212226625532,
    0.8817292825384065,
    0.8652247386416421,
    0.8971831901967525,
    0.8778196453303099,
    0.8759818279761821,
    0.853851901371032,
    0.8934891065726988,
    0.9074782879604026,
    0.932374911186751,
    0.8809505117163062,
    0.9052229767623358
  ],
  "device": "cuda",
  "seed": 0,
  "train_elapsed_sec": 538.652,
  "checkpoint": "/inspire/hdd/project/chemicalreaction/libowen-253207030265/coding_with_ai/molecule3d-benchmark/work/compare_egnn_transformer/egnntr_hd128_l5_h4_lr1e_4_ep100_n500/egnntr_hd128_l5_h4_lr1e_4_ep100_n500.pt"
}
