{
  "manifest": "/inspire/hdd/project/chemicalreaction/libowen-253207030265/coding_with_ai/molecule3d-benchmark/data/processed/work/train_chon20_manifest.json",
  "train_samples": 1000,
  "atom_count": 20,
  "elements": [
    6,
    1,
    8,
    7
  ],
  "max_degree": 6,
  "epochs": 100,
  "hidden_dim": 128,
  "num_layers": 5,
  "num_heads": 4,
  "dropout": 0.0,
  "rbf_bins": 16,
  "rbf_cutoff": 5.0,
  "lr": 0.0001,
  "batch_size": 32,
  "param_count": 1585433,
  "loss_history": [
    1.3495775721063838,
    1.275589753922075,
    1.2031163168484345,
    1.1408008207920939,
    1.1241614028690383,
    1.3296367745166644,
    1.2558149845711888,
    1.2351295381076635,
    1.199516647392884,
    1.149504723657854,
    1.1238214084822684,
    1.0537140237777494,
    1.0457424065759406,
    1.0453479556459933,
    1.032854891402647,
    1.0198189239064233,
    0.9907331371614709,
    0.9844457323346287,
    0.9702802866664715,
    0.9609110682569444,
    0.9475488615375943,
    0.931583560813684,
    0.9216919693676755,
    0.9133643560316413,
    0.9066664836173877,
    0.899841229681857,
    0.8938881846489385,
    0.8894210793431848,
    0.885519273776561,
    0.8818962290594354,
    0.877412528576795,
    0.872690362029709,
    0.8696123260329478,
    0.8665820015347563,
    0.861114113564603,
    0.8571210224358365,
    0.852228057473898,
    0.8481222454607487,
    0.8459817232876085,
    0.8430937537057325,
    0.8355661610877141,
    0.8508808244429529,
    0.8300923254601658,
    0.8190192734231241,
    0.82507895746734,
    0.8130485805612989,
    0.8304129313235171,
    0.8176747029423713,
    0.8118291300050914,
    0.8089621227073949,
    0.8137021111116046,
    0.8088160992953927,
    0.8125660201541614,
    0.8092993220202624,
    0.8088494982221164,
    0.808733588367235,
    0.8091634943662211,
    0.805127804605756,
    0.80882116518775,
    0.80207242158195,
    0.806412704952294,
    0.7993540007080883,
    0.7963431884692982,
    0.7964512775358744,
    0.8029606356266886,
    0.8007495199851692,
    0.8065129786771722,
    0.789408392291516,
    0.7857696782080457,
    0.7853549277898856,
    0.7834727813573554,
    0.7915434829602018,
    0.7821355514759197,
    0.7790679561109282,
    0.7775412584869191,
    0.7774481935757213,
    0.7738882882809266,
    0.7711120603312738,
    0.7726335649681277,
    0.7701272420277819,
    0.7674037462812848,
    0.767653920991812,
    0.7660710271866992,
    0.7607037738412619,
    0.7597069919947534,
    0.760623378531076,
    0.7576016175164841,
    0.7550682971002534,
    0.7547399231577292,
    0.7516060057915748,
    0.7513949671173468,
    0.755860609028954,
    0.755810381308198,
    0.7531820484013296,
    0.7491656190918293,
    0.756983456805814,
    0.7641803737231531,
    0.7511252550627104,
    0.7499725960213691,
    0.7475746741299517
  ],
  "device": "cuda",
  "seed": 0,
  "train_elapsed_sec": 1062.456,
  "checkpoint": "/inspire/hdd/project/chemicalreaction/libowen-253207030265/coding_with_ai/molecule3d-benchmark/work/compare_egnn_transformer/egnntr_hd128_l5_h4_lr1e_4_ep100_n1000/egnntr_hd128_l5_h4_lr1e_4_ep100_n1000.pt"
}
