{
  "manifest": "/inspire/hdd/project/chemicalreaction/libowen-253207030265/coding_with_ai/molecule3d-benchmark/data/processed/work/train_chon20_manifest.json",
  "train_samples": 500,
  "atom_count": 20,
  "elements": [
    6,
    1,
    8,
    7
  ],
  "max_degree": 6,
  "epochs": 100,
  "hidden_dim": 128,
  "num_layers": 4,
  "num_heads": 4,
  "dropout": 0.0,
  "rbf_bins": 16,
  "rbf_cutoff": 5.0,
  "lr": 0.0001,
  "batch_size": 32,
  "param_count": 1268756,
  "loss_history": [
    1.5653622691687197,
    1.484636164844036,
    1.460461976289749,
    1.4093452514866367,
    1.3403365181405098,
    1.2826780437864362,
    1.2341956353541463,
    1.217738730713725,
    1.173560161806643,
    1.1541188281849026,
    1.147556574358605,
    1.156075074228458,
    1.145266264677979,
    1.1286337225008756,
    1.1124993551895022,
    1.096192676190287,
    1.0927146360911428,
    1.0883330979384482,
    1.0984209552388637,
    1.1284280461594463,
    1.0984024669937789,
    1.0564675855264067,
    1.0514737456180154,
    1.0709591607861222,
    1.1068551949057728,
    1.1102353278044612,
    1.0561973111424594,
    1.0378177654203027,
    1.0299989869464188,
    1.0070745658110827,
    1.0011469860300422,
    0.9968684884700925,
    0.9893023314774037,
    0.9750493124909699,
    0.9603912374954671,
    0.9892548458017408,
    3.2489211191739886,
    1.4387069231569767,
    1.380031927023083,
    1.312904395800084,
    1.286973880328238,
    1.307999799363315,
    1.4503038748949766,
    1.4309936665296554,
    1.4049588712006806,
    1.3633276792168618,
    1.2136382133103907,
    1.1337777594737708,
    1.1945026531927287,
    1.378919464495033,
    1.2095080169439316,
    1.0825840700380505,
    1.05819545375742,
    1.034611142165959,
    1.0248607985423879,
    1.015792497168295,
    1.0084846300110222,
    1.0099079875517636,
    0.9967084864443168,
    1.0355119767123833,
    1.0653824308663606,
    1.3091135584320872,
    1.0553110398501158,
    1.1199763236586004,
    1.0532625687299295,
    1.009350713693537,
    1.026844775924459,
    1.011267650268972,
    0.9857079400550574,
    1.0107026864262298,
    1.0173324851794168,
    0.9718624534765259,
    0.9917830798421055,
    0.9991040060063824,
    0.9908735757274553,
    0.9649616611320525,
    0.9877511245720089,
    0.9835824466096237,
    0.963323479176499,
    0.9661788281034678,
    0.9759866730747745,
    0.9727554200403392,
    0.9514192376770079,
    0.9623796519488096,
    0.9733010488003493,
    0.9514875444071368,
    0.947342540776357,
    0.9592728849118576,
    0.954003185431473,
    0.9459792034970597,
    0.9380851244749502,
    0.9464507195688784,
    0.9436366975661368,
    0.9418474086802453,
    0.9309213889800012,
    0.943113685795106,
    0.9391067930804565,
    0.935217153831385,
    0.9280869321040809,
    0.9481001966232434
  ],
  "device": "cuda",
  "seed": 0,
  "train_elapsed_sec": 473.449,
  "checkpoint": "/inspire/hdd/project/chemicalreaction/libowen-253207030265/coding_with_ai/molecule3d-benchmark/work/compare_egnn_transformer/egnntr_hd128_l4_h4_lr1e_4_ep100_n500/egnntr_hd128_l4_h4_lr1e_4_ep100_n500.pt"
}
