{
  "predictions": "/inspire/hdd/project/chemicalreaction/libowen-253207030265/coding_with_ai/molecule3d-benchmark/work/compare_egnn_transformer/egnntr_hd128_l4_h4_lr1e_4_ep100_n500/egnntr_hd128_l4_h4_lr1e_4_ep100_n500.npz",
  "manifest": "/inspire/hdd/project/chemicalreaction/libowen-253207030265/coding_with_ai/molecule3d-benchmark/data/processed/work/test_chon20_manifest.json",
  "pred_count": 1000,
  "evaluated": 999,
  "skipped": 1,
  "mismatched": 0,
  "elapsed_sec": 0.603,
  "plot": null,
  "per_sample_output": "/inspire/hdd/project/chemicalreaction/libowen-253207030265/coding_with_ai/molecule3d-benchmark/work/compare_egnn_transformer/egnntr_hd128_l4_h4_lr1e_4_ep100_n500/egnntr_hd128_l4_h4_lr1e_4_ep100_n500_per_sample.jsonl",
  "metrics": {
    "count": 999.0,
    "mean": 1.1990379666887487,
    "median": 1.14566164382242,
    "p90": 1.9572244643137013,
    "p95": 2.1692102497368118,
    "min": 0.08435645466555511,
    "max": 4.0513201987233405,
    "rmsd_lt_1": 0.3843843843843844,
    "rmsd_lt_2": 0.9129129129129129
  }
}