{
  "manifest": "/inspire/hdd/project/chemicalreaction/libowen-253207030265/coding_with_ai/molecule3d-benchmark/data/processed/work/train_chon20_manifest.json",
  "train_samples": 1000,
  "atom_count": 20,
  "elements": [
    6,
    1,
    8,
    7
  ],
  "max_degree": 6,
  "epochs": 100,
  "hidden_dim": 128,
  "num_layers": 5,
  "lr": 0.0001,
  "batch_size": 32,
  "param_count": 529793,
  "loss_history": [
    22.063528604507447,
    14.48614355278015,
    9.675676298141479,
    8.2903594520092,
    6.707549033880234,
    5.834920163869858,
    5.526947013258934,
    5.295802107095718,
    5.27656231367588,
    5.171723848581314,
    5.167190687060356,
    5.12283479821682,
    5.108193514347076,
    5.084898755192756,
    5.070148468375206,
    5.054089428424835,
    5.041601795315742,
    5.02829791867733,
    5.01809969830513,
    5.00888197016716,
    4.997406463503838,
    4.989751160740853,
    4.978733531475067,
    4.969148187994957,
    4.959381931900978,
    4.9526919184923175,
    4.943953385710716,
    4.9366066243648525,
    4.927458436965942,
    4.921023466467857,
    4.912843667268753,
    4.906334820747375,
    4.900747151851654,
    4.8941957424879075,
    4.887316146969796,
    4.88156475687027,
    4.875278793096542,
    4.869041748642921,
    4.863740828275681,
    4.855609317660332,
    4.852584335684776,
    4.8443122190237045,
    4.83879887676239,
    4.833287960648537,
    4.826007935643196,
    4.819463119745254,
    4.814252429008484,
    4.8073517559766765,
    4.801229471445084,
    4.794250395894051,
    4.7869045302867885,
    4.781200570940971,
    4.773263504385948,
    4.768686874032021,
    4.757854583740234,
    4.751259215116501,
    4.743920352458954,
    4.734939887881279,
    4.7264827421903615,
    4.715039967298508,
    4.705530957460404,
    4.695032773017883,
    4.684372891783714,
    4.6725998123884205,
    4.655888543605805,
    4.6415496118068695,
    4.623843756198883,
    4.596323865175247,
    4.5574986488819125,
    4.524269102931022,
    4.492973130822182,
    4.469113844037056,
    4.410186054944992,
    4.378170246243477,
    4.368446779251099,
    4.335609198689461,
    4.305348837018013,
    4.2847652416229245,
    4.265452813506126,
    4.246182685852051,
    4.227555889248848,
    4.2080928161144255,
    4.187048691511154,
    4.166618152379989,
    4.147575639605522,
    4.122013180375099,
    4.100603622674942,
    4.074534262180328,
    4.05129044175148,
    4.028669888854027,
    4.00886941921711,
    3.9842264573574067,
    3.95853123652935,
    3.9366342853307725,
    3.9210040944814684,
    3.9013133109807967,
    3.87281252348423,
    3.8511205710172653,
    3.8267155648469924,
    3.8039800075292587
  ],
  "device": "cuda",
  "seed": 0,
  "train_elapsed_sec": 398.204,
  "checkpoint": "/inspire/hdd/project/chemicalreaction/libowen-253207030265/coding_with_ai/molecule3d-benchmark/work/compare_mpnn/mpnn_hd128_l5_lr1e_4_ep100_n1000/mpnn_hd128_l5_lr1e_4_ep100_n1000.pt"
}
