{
  "manifest": "/inspire/hdd/project/chemicalreaction/libowen-253207030265/coding_with_ai/molecule3d-benchmark/data/processed/work/train_chon20_manifest.json",
  "train_samples": 6151,
  "atom_count": 20,
  "elements": [
    6,
    1,
    8,
    7
  ],
  "max_degree": 6,
  "epochs": 100,
  "hidden_dim": 128,
  "num_layers": 4,
  "lr": 0.0001,
  "batch_size": 32,
  "param_count": 464900,
  "loss_history": [
    1.1583798919757307,
    5.2728587005498175,
    1.1591919095925727,
    1.1365404834937824,
    1.128360079670753,
    1.1230828043438617,
    1.1185303417294419,
    1.114282410697222,
    1.1100496942375155,
    1.1055417875673756,
    1.100772914703959,
    1.0964169370846581,
    1.0932604143230378,
    1.0911158465849513,
    1.0893866226072235,
    1.0877819393575676,
    1.0862139897456433,
    1.0846737917761573,
    1.0831960467062982,
    1.081830937293628,
    1.080619503535758,
    1.0795429492833517,
    1.0785515497479037,
    1.0775960423306679,
    1.076642014714295,
    1.0756673290816832,
    1.074657557115814,
    1.0736010005045638,
    1.072489362758745,
    1.0713173311274578,
    1.0700833612880054,
    1.0687934653750233,
    1.0674694648987295,
    1.0661429784122454,
    1.0648527394043268,
    1.063625055555284,
    1.0624547408752287,
    1.0613129145199764,
    1.0601652415605256,
    1.058988883526921,
    1.0577753536736887,
    1.0565267159906204,
    1.0552503717495447,
    1.053955331431719,
    1.0526507367523652,
    1.0513455150483915,
    1.050047474216662,
    1.0487618038454734,
    1.0474881438801582,
    1.0462206958046198,
    1.0449492058081853,
    1.0436599385765506,
    1.0423367407071171,
    1.0409613091194583,
    1.0395138065093426,
    1.0379741991817264,
    1.0363249510500614,
    1.034553827657942,
    1.0326570518750293,
    1.0306445574301604,
    1.0285479099662507,
    1.0263996101359254,
    1.0242257976592304,
    1.022027172710867,
    1.0197943552796762,
    1.0174680670907736,
    1.0150818583263146,
    1.01266662513138,
    1.0102812126860292,
    1.0079156376501397,
    1.0055665147668402,
    1.0032770647599971,
    1.001081920608786,
    0.9990161727139415,
    0.9970609133380569,
    0.9951734294195211,
    0.9932886827431245,
    0.9914078081619897,
    0.9896135141494952,
    0.9879545696163612,
    0.986363434867179,
    0.9848483021075363,
    0.9833994601429092,
    0.9820373469407693,
    0.9807632618181442,
    0.9794714659569932,
    0.9781787417657338,
    0.9768689329534711,
    0.9755250744258468,
    0.9741205131811311,
    0.9726480034232525,
    0.9711017773570404,
    0.9694497144870082,
    0.9678425810689997,
    0.9662640546657475,
    0.964729103145882,
    0.9632660213865005,
    0.9618619269611312,
    0.9605022204439215,
    0.9591529696842604
  ],
  "device": "cuda",
  "seed": 0,
  "train_elapsed_sec": 2714.497,
  "checkpoint": "/inspire/hdd/project/chemicalreaction/libowen-253207030265/coding_with_ai/molecule3d-benchmark/work/compare_egnn/egnn_hd128_l4_lr1e_4_ep100_n6151/egnn_hd128_l4_lr1e_4_ep100_n6151.pt"
}
