{
  "predictions": "/inspire/hdd/project/chemicalreaction/libowen-253207030265/coding_with_ai/molecule3d-benchmark/work/compare_egnn/egnn_hd128_l4_lr1e_4_ep100_n2000/egnn_hd128_l4_lr1e_4_ep100_n2000.npz",
  "manifest": "/inspire/hdd/project/chemicalreaction/libowen-253207030265/coding_with_ai/molecule3d-benchmark/data/processed/work/test_chon20_manifest.json",
  "pred_count": 1000,
  "evaluated": 1000,
  "skipped": 0,
  "mismatched": 0,
  "elapsed_sec": 0.432,
  "plot": null,
  "per_sample_output": "/inspire/hdd/project/chemicalreaction/libowen-253207030265/coding_with_ai/molecule3d-benchmark/work/compare_egnn/egnn_hd128_l4_lr1e_4_ep100_n2000/egnn_hd128_l4_lr1e_4_ep100_n2000_per_sample.jsonl",
  "metrics": {
    "count": 1000.0,
    "mean": 1.2046024291779507,
    "median": 1.14394817441476,
    "p90": 1.9495738619211742,
    "p95": 2.1722996475227285,
    "min": 0.12889268750272478,
    "max": 4.829670172122278,
    "rmsd_lt_1": 0.393,
    "rmsd_lt_2": 0.914
  }
}