{
  "manifest": "/inspire/hdd/project/chemicalreaction/libowen-253207030265/coding_with_ai/molecule3d-benchmark/data/processed/work/train_chon20_manifest.json",
  "train_samples": 2000,
  "atom_count": 20,
  "elements": [
    6,
    1,
    8,
    7
  ],
  "max_degree": 6,
  "epochs": 100,
  "hidden_dim": 128,
  "num_layers": 4,
  "lr": 0.0001,
  "batch_size": 32,
  "param_count": 464900,
  "loss_history": [
    1.088277832020074,
    1.0263189665861427,
    0.9908491663485766,
    2.589840799172409,
    1.0800126543096267,
    1.0292905151087326,
    1.0115741147180088,
    1.0057626745495944,
    1.0025282040797174,
    1.0000636787749826,
    0.9979693347010762,
    0.9960888485442847,
    0.9943212002348155,
    0.9925831024423242,
    0.9907998982537538,
    0.9889067632183433,
    0.9868581576105208,
    0.9846470618508756,
    0.9823296214397996,
    0.9800353375952691,
    0.9779286032412201,
    0.9761215322688221,
    0.9746147416029125,
    0.9733286161776632,
    0.9721748701035976,
    0.9710943012479692,
    0.9700552871227265,
    0.9690415556486696,
    0.9680439208839089,
    0.9670563370268792,
    0.9660740105900913,
    0.9650923490133136,
    0.9641061972491444,
    0.9631090543363243,
    0.9620925665087998,
    0.9610456890277564,
    0.9599542721286416,
    0.9588004427049309,
    0.9575616233088076,
    0.9562112563736737,
    0.9547272432073951,
    0.9530879735229537,
    0.9512918518213556,
    0.949365306683816,
    0.9473683165758848,
    0.9453770915297791,
    0.9434398627830669,
    0.9415557950837538,
    0.939687312560156,
    0.937790602447465,
    0.9358308121133596,
    0.9338021029215307,
    0.9317222018763422,
    0.9296203537960537,
    0.9275697534200735,
    0.9255916949734092,
    0.9237537131472491,
    0.9221221395209431,
    0.9206779758087359,
    0.9193865263480693,
    0.9182261862130836,
    0.9171712979432195,
    0.9161912116566673,
    0.9152676278147847,
    0.9143853395082988,
    0.9135273873107508,
    0.9127021526107565,
    0.911917063807603,
    0.9111614004424773,
    0.9104294177065604,
    0.9097132388823665,
    0.9090086430856027,
    0.9083111700918526,
    0.9076169818458147,
    0.9069228429212235,
    0.906224421015475,
    0.9055172496726737,
    0.904802600198891,
    0.904083315063268,
    0.9033543314118869,
    0.9026121840702835,
    0.9018538672067224,
    0.9010768802280072,
    0.9002785570868291,
    0.8994578027441167,
    0.8986065749214031,
    0.8977254840435925,
    0.8968091331194155,
    0.8958554420094006,
    0.8948619341026061,
    0.8938257423148025,
    0.892744676975999,
    0.8916169124159496,
    0.8904419324516785,
    0.8892295695999637,
    0.88796253610868,
    0.8866511446689256,
    0.8852965741995722,
    0.8839100342071615,
    0.8824795160898938
  ],
  "device": "cuda",
  "seed": 0,
  "train_elapsed_sec": 838.17,
  "checkpoint": "/inspire/hdd/project/chemicalreaction/libowen-253207030265/coding_with_ai/molecule3d-benchmark/work/compare_egnn/egnn_hd128_l4_lr1e_4_ep100_n2000/egnn_hd128_l4_lr1e_4_ep100_n2000.pt"
}
