{
  "manifest": "/inspire/hdd/project/chemicalreaction/libowen-253207030265/coding_with_ai/molecule3d-benchmark/data/processed/work/train_chon20_manifest.json",
  "train_samples": 1000,
  "atom_count": 20,
  "elements": [
    6,
    1,
    8,
    7
  ],
  "max_degree": 6,
  "epochs": 100,
  "hidden_dim": 128,
  "num_layers": 4,
  "num_heads": 4,
  "dropout": 0.0,
  "rbf_bins": 16,
  "rbf_cutoff": 5.0,
  "lr": 0.0001,
  "batch_size": 32,
  "param_count": 1268756,
  "loss_history": [
    1.3489847139352933,
    1.2771108019836246,
    1.2075745623046532,
    1.154116302376613,
    1.1471092334138229,
    1.1924586075153203,
    1.2135226445756853,
    1.1804834819091483,
    1.1501170638117473,
    1.1316565840076656,
    1.1168420243430883,
    1.1002610485916957,
    1.0850150035899133,
    1.0734925543488936,
    1.0610860525425523,
    1.052190632795915,
    1.0427237226599828,
    1.0287184779802336,
    1.0127980562257581,
    0.9969873029766604,
    0.9796531750592403,
    0.9575308071938343,
    0.9465831538802013,
    0.9251532494230196,
    0.9051902603763156,
    0.8882234605308622,
    0.8937340267412365,
    0.8484164469074458,
    0.8454914758177474,
    0.8461382876844146,
    0.8597115526786074,
    0.8372367503480055,
    0.84801195070846,
    0.8567857367089018,
    0.8414144499176182,
    0.8355939669879153,
    0.8260632280874998,
    0.8333920594649389,
    0.8275174047471956,
    0.817386785492301,
    0.8096772822239436,
    0.8164260230604559,
    0.7979512835917995,
    0.7859082124787383,
    0.7865571597325616,
    0.7801132550705224,
    0.7824331106925383,
    0.7770992924906314,
    0.778153738193214,
    0.7760090297558345,
    0.7639968995768577,
    0.7593862505331636,
    0.7581704885442742,
    0.7630366625937167,
    0.7605291341654956,
    0.7568040430252441,
    0.7573642899175175,
    0.7484543700488284,
    0.7419770165421069,
    0.7386211215709336,
    0.7309143724972382,
    0.7323183310851454,
    0.7267096431273967,
    0.7182281224699691,
    0.7151944232359528,
    0.7183576447335072,
    0.7157438157242723,
    0.7437674811333418,
    0.757674012348405,
    0.7327917852086248,
    0.711925677718129,
    0.7213858615215868,
    0.7079690452648792,
    0.69476789320237,
    0.6910796530405059,
    0.7508174384895246,
    0.7234979223501868,
    0.7095943112811074,
    0.7053815274639055,
    0.7122080687847919,
    0.7013710063956677,
    0.6930396989227738,
    0.678617536116857,
    0.6827266268574167,
    0.75486169723887,
    0.7093897031112574,
    0.6910413097969722,
    0.6890825129020959,
    0.6834683617423288,
    0.6964928113364149,
    0.6879215524001047,
    0.6883910704927985,
    0.7219717904801947,
    0.6931573426953983,
    0.6998627218152397,
    0.6837962272004224,
    0.6800057458751835,
    0.6633567342069582,
    0.6622639018417104,
    0.6700888194560539
  ],
  "device": "cuda",
  "seed": 0,
  "train_elapsed_sec": 888.253,
  "checkpoint": "/inspire/hdd/project/chemicalreaction/libowen-253207030265/coding_with_ai/molecule3d-benchmark/work/compare_egnn_transformer/egnntr_hd128_l4_h4_lr1e_4_ep100_n1000/egnntr_hd128_l4_h4_lr1e_4_ep100_n1000.pt"
}
