{
  "predictions": "/inspire/hdd/project/chemicalreaction/libowen-253207030265/coding_with_ai/molecule3d-benchmark/work/compare_mpnn/mpnn_hd128_l5_lr1e_4_ep100_n6151/mpnn_hd128_l5_lr1e_4_ep100_n6151.npz",
  "manifest": "/inspire/hdd/project/chemicalreaction/libowen-253207030265/coding_with_ai/molecule3d-benchmark/data/processed/work/test_chon20_manifest.json",
  "pred_count": 1000,
  "evaluated": 1000,
  "skipped": 0,
  "mismatched": 0,
  "elapsed_sec": 0.461,
  "plot": null,
  "per_sample_output": "/inspire/hdd/project/chemicalreaction/libowen-253207030265/coding_with_ai/molecule3d-benchmark/work/compare_mpnn/mpnn_hd128_l5_lr1e_4_ep100_n6151/mpnn_hd128_l5_lr1e_4_ep100_n6151_per_sample.jsonl",
  "metrics": {
    "count": 1000.0,
    "mean": 2.2441640386342234,
    "median": 2.034869555138821,
    "p90": 3.2673152015566775,
    "p95": 3.832819963990368,
    "min": 1.0438327840158514,
    "max": 6.015264393705431,
    "rmsd_lt_1": 0.0,
    "rmsd_lt_2": 0.477
  }
}