{
  "manifest": "/inspire/hdd/project/chemicalreaction/libowen-253207030265/coding_with_ai/molecule3d-benchmark/data/processed/work/train_chon20_manifest.json",
  "train_samples": 6151,
  "atom_count": 20,
  "elements": [
    6,
    1,
    8,
    7
  ],
  "max_degree": 6,
  "epochs": 100,
  "hidden_dim": 128,
  "num_layers": 5,
  "lr": 0.0001,
  "batch_size": 32,
  "param_count": 529793,
  "loss_history": [
    11.40690158018541,
    5.774677653425865,
    5.392768542178567,
    5.265818458575579,
    5.188643006479191,
    5.1353703243638265,
    5.060915758369066,
    4.977821157843364,
    4.548855358479449,
    4.1058477622341325,
    3.849730593269384,
    3.6533139202288933,
    3.4667422386460762,
    3.3100664096331327,
    3.2327639684989538,
    3.1680537458455307,
    3.0985580488949784,
    3.040000315459448,
    2.990301017217802,
    3.0195700138531123,
    2.981272020779515,
    2.9207677825197633,
    2.8777361952314684,
    2.857789759959773,
    2.8307709536345445,
    2.804923683017313,
    2.7859939567501266,
    2.7477021812423614,
    2.717332898020027,
    2.6837902946058203,
    2.6592335518134007,
    2.638027369021555,
    2.615811313386662,
    2.591451231371463,
    2.574447268922045,
    2.5433326415890813,
    2.52038635143205,
    2.496998588722172,
    2.4702447267145358,
    2.4328401057027524,
    2.3996338944496363,
    2.3748728917868345,
    2.354248667961019,
    2.342052500943908,
    2.3195921486566715,
    2.307654215250339,
    2.286735409591241,
    2.263045935175551,
    2.2459574329515837,
    2.224487981003022,
    2.2093052000287026,
    2.19167625197665,
    2.1717425444430014,
    2.1618380759318967,
    2.1488033854763713,
    2.138049801512087,
    2.127893409803037,
    2.1074352492996975,
    2.0940421998520202,
    2.0806674124157305,
    2.0669239868702607,
    2.047592124552712,
    2.030228055917893,
    2.0115727180388863,
    1.9942086154543235,
    1.9813885373267637,
    1.9682377079331261,
    1.9598337892564675,
    1.9486777860979552,
    1.944388483151481,
    1.9350619014686268,
    1.9269360587948068,
    1.9158054908937099,
    1.9126381148964076,
    1.897978084845342,
    1.893129520964921,
    1.8826644587198944,
    1.8727603840539173,
    1.8629772006215322,
    1.8568915587976644,
    1.8502029958168213,
    1.8405320325085368,
    1.8417552216516009,
    1.838280324944828,
    1.8265477665903664,
    1.8200546712763734,
    1.8129536981089214,
    1.8067819797504319,
    1.8044879566245187,
    1.793503398983251,
    1.7848448137275923,
    1.7770772993399873,
    1.7729315821973508,
    1.7623577453783519,
    1.756619893720607,
    1.7504151826940926,
    1.743514910456592,
    1.7336522803774037,
    1.73173097539357,
    1.727908243354482
  ],
  "device": "cuda",
  "seed": 0,
  "train_elapsed_sec": 2382.188,
  "checkpoint": "/inspire/hdd/project/chemicalreaction/libowen-253207030265/coding_with_ai/molecule3d-benchmark/work/compare_mpnn/mpnn_hd128_l5_lr1e_4_ep100_n6151/mpnn_hd128_l5_lr1e_4_ep100_n6151.pt"
}
