{
  "manifest": "/inspire/hdd/project/chemicalreaction/libowen-253207030265/coding_with_ai/molecule3d-benchmark/data/processed/work/train_chon20_manifest.json",
  "train_samples": 6151,
  "atom_count": 20,
  "elements": [
    6,
    1,
    8,
    7
  ],
  "max_degree": 6,
  "epochs": 100,
  "hidden_dim": 128,
  "num_layers": 4,
  "lr": 0.0001,
  "batch_size": 32,
  "param_count": 430849,
  "loss_history": [
    11.39852673603139,
    5.726937769234927,
    5.309243701392316,
    5.220432145908352,
    5.172197757261863,
    5.1247065491142205,
    5.066405143064903,
    4.987735080769383,
    4.896048543085375,
    4.8313512978680135,
    4.782711183495723,
    4.733608087995656,
    4.529598007801392,
    3.7783917956983264,
    3.5895458616254543,
    3.493217931658519,
    3.399088115154137,
    3.311364915744597,
    3.2492380142599524,
    3.200624789169912,
    3.156846207257229,
    3.1184942827072013,
    3.077883524887737,
    3.042448000590252,
    3.004317819834763,
    2.969256844714955,
    2.9415593310752124,
    2.9127128700466973,
    2.8781977685277704,
    2.851817877781796,
    2.8264527599892175,
    2.8011704422297314,
    2.7698136538708042,
    2.754469600000569,
    2.7271818588505217,
    2.705795702169124,
    2.683555494205988,
    2.6571874264981994,
    2.643255532388667,
    2.6239678009150182,
    2.6065745866506047,
    2.5897938468372543,
    2.573809928447129,
    2.555238265120834,
    2.5442344293160626,
    2.5267255399948483,
    2.497702561264367,
    2.4838657761236416,
    2.4671369226138546,
    2.452779643376888,
    2.437909020028295,
    2.4194376879960537,
    2.4073281159993596,
    2.3921968291017452,
    2.3805067624198464,
    2.3672868734674712,
    2.3550594109448935,
    2.3469525702046954,
    2.335571022832942,
    2.3241193177224835,
    2.3098670897193507,
    2.2966215677948196,
    2.289390993973934,
    2.279955153386974,
    2.269478368378329,
    2.260223017632719,
    2.2468089495097074,
    2.239211327132123,
    2.23134285042953,
    2.224311067920025,
    2.2180800927623348,
    2.2129537372729815,
    2.208354313341394,
    2.2027704846304696,
    2.2017059389400666,
    2.1919839108664707,
    2.190255558436488,
    2.1875525328942844,
    2.184280527139985,
    2.1790688779417664,
    2.1690607150867303,
    2.1583725372536784,
    2.1504231249776398,
    2.1401122983849703,
    2.1313403816586334,
    2.124493266514425,
    2.114768418165324,
    2.108692607692036,
    2.1010978406346963,
    2.0932240851466934,
    2.086812745873627,
    2.081741754140646,
    2.074582240466586,
    2.0680862025184723,
    2.060878828950402,
    2.0555478801254026,
    2.04968865191795,
    2.0456820014259174,
    2.0378595275901,
    2.0337925194153224
  ],
  "device": "cuda",
  "seed": 0,
  "train_elapsed_sec": 2080.629,
  "checkpoint": "/inspire/hdd/project/chemicalreaction/libowen-253207030265/coding_with_ai/molecule3d-benchmark/work/compare_mpnn/mpnn_hd128_l4_lr1e_4_ep100_n6151/mpnn_hd128_l4_lr1e_4_ep100_n6151.pt"
}
