{
  "manifest": "/inspire/hdd/project/chemicalreaction/libowen-253207030265/coding_with_ai/molecule3d-benchmark/data/processed/work/train_chon20_manifest.json",
  "train_samples": 1000,
  "atom_count": 20,
  "elements": [
    6,
    1,
    8,
    7
  ],
  "max_degree": 6,
  "epochs": 100,
  "hidden_dim": 128,
  "num_layers": 4,
  "lr": 0.0001,
  "batch_size": 32,
  "param_count": 464900,
  "loss_history": [
    1.3395551576120779,
    1.2910526882335545,
    1.2488299555554987,
    1.2165756552740932,
    1.200610834978521,
    1.1887234943620861,
    1.4311689838226884,
    1.2183817042354494,
    1.2081614975314587,
    1.2050568405184894,
    1.2022269889116288,
    1.1994841585196554,
    1.196652212675661,
    1.193593995589763,
    1.190118591595441,
    1.1859522535782308,
    1.18077592869848,
    1.1746027317475527,
    1.1687747594565152,
    1.1652396943699568,
    1.163395956100896,
    1.1620220256578178,
    1.1608152083456516,
    1.159676819646731,
    1.1585707626547666,
    1.1574855031482876,
    1.1564137354791164,
    1.1553492212742567,
    1.1542865786682814,
    1.1532209175322206,
    1.1521475382745265,
    1.151061817482114,
    1.1499589471574874,
    1.1488339793346822,
    1.1476817306391895,
    1.146495161416009,
    1.1452677849251778,
    1.1439924092236906,
    1.1426592166274785,
    1.1412566140498965,
    1.139770213034004,
    1.1381818685028702,
    1.1364684197455646,
    1.134599988212809,
    1.1325380632076412,
    1.130234242055565,
    1.127625239301473,
    1.1246193289300428,
    1.1211624365625903,
    1.117206777038984,
    1.1127821506801994,
    1.1082064510257914,
    1.10405315058399,
    1.1008151066331193,
    1.0984713785117493,
    1.0966580177051946,
    1.0951199654955417,
    1.0937570853121579,
    1.0925095824114979,
    1.0913386542815715,
    1.0902214905535803,
    1.0891432606410236,
    1.0880894758822397,
    1.0870601251060144,
    1.0860485882926731,
    1.08503874191083,
    1.0840294115236029,
    1.0830124417459592,
    1.0819872467173264,
    1.0809545273073018,
    1.0798851174097508,
    1.0788135346081107,
    1.0777288647564127,
    1.076663282783702,
    1.0755423262212425,
    1.0744565739491954,
    1.0733907530196012,
    1.0723543170625345,
    1.0713548927716912,
    1.0703977645207197,
    1.06946137921419,
    1.068568566314876,
    1.0676724145393819,
    1.066782244078815,
    1.0658889490468428,
    1.0649870753688737,
    1.0640516135655345,
    1.0630985144264995,
    1.0620981365358457,
    1.0610460500800982,
    1.0599453977392987,
    1.0587999236807226,
    1.0575783840212971,
    1.0562601437820123,
    1.0548563008317724,
    1.0533338476540521,
    1.0517542548626662,
    1.0500961833233013,
    1.0483790689241141,
    1.0466841876786201
  ],
  "device": "cuda",
  "seed": 0,
  "train_elapsed_sec": 426.255,
  "checkpoint": "/inspire/hdd/project/chemicalreaction/libowen-253207030265/coding_with_ai/molecule3d-benchmark/work/compare_egnn/egnn_hd128_l4_lr1e_4_ep100_n1000/egnn_hd128_l4_lr1e_4_ep100_n1000.pt"
}
